ID,date,time_come,time_leave
1,2022/6/15,07:21 AM,06:14 PM
1,2022/6/19,07:58 AM,06:07 PM
1,2022/6/30,08:18 AM,05:34 PM
1,2022/7/7,08:24 AM,04:00 PM
1,2022/7/10,08:29 AM,06:47 PM
1,2022/7/16,08:14 AM,05:11 PM
1,2022/8/11,07:06 AM,05:10 PM
1,2022/8/15,08:19 AM,05:32 PM
1,2022/8/27,08:53 AM,04:35 PM
1,2022/8/29,08:14 AM,05:33 PM
1,2022/9/10,07:00 AM,06:59 PM
1,2022/9/14,08:57 AM,05:17 PM
1,2022/9/17,08:23 AM,04:35 PM
1,2022/9/19,07:45 AM,06:54 PM
1,2022/9/29,07:11 AM,04:24 PM
1,2022/10/20,08:02 AM,04:38 PM
1,2022/10/31,07:55 AM,06:15 PM
1,2022/11/17,08:10 AM,05:06 PM
1,2022/11/21,08:30 AM,05:28 PM
1,2022/11/24,07:29 AM,05:30 PM
1,2022/12/10,08:23 AM,05:08 PM
1,2022/12/30,08:12 AM,06:23 PM
1,2022/12/31,07:58 AM,05:29 PM
1,2023/5/13,08:49 AM,05:05 PM
2,2022/5/30,07:24 AM,06:42 PM
2,2022/6/1,08:20 AM,06:42 PM
2,2022/6/10,07:14 AM,04:01 PM
2,2022/6/18,08:16 AM,04:29 PM
2,2022/8/1,07:29 AM,04:57 PM
2,2022/8/3,07:49 AM,06:13 PM
2,2022/8/6,08:30 AM,06:32 PM
2,2022/8/9,08:05 AM,04:29 PM
2,2022/8/10,07:58 AM,06:20 PM
2,2022/8/18,08:14 AM,05:46 PM
2,2022/8/22,08:14 AM,04:09 PM
2,2022/9/14,08:24 AM,04:38 PM
2,2022/9/15,08:23 AM,04:07 PM
2,2022/9/21,08:01 AM,05:01 PM
2,2022/10/30,08:11 AM,04:40 PM
2,2022/11/8,08:24 AM,05:10 PM
2,2022/12/1,07:23 AM,04:35 PM
2,2022/12/8,08:46 AM,06:40 PM
2,2022/12/15,07:30 AM,05:57 PM
2,2023/1/15,08:48 AM,05:13 PM
2,2023/2/3,07:18 AM,05:31 PM
2,2023/2/10,08:44 AM,05:44 PM
2,2023/2/18,08:32 AM,06:16 PM
2,2023/3/9,07:53 AM,04:48 PM
2,2023/3/11,08:08 AM,06:54 PM
2,2023/3/12,07:48 AM,06:53 PM
2,2023/4/22,08:10 AM,04:20 PM
2,2023/5/15,07:39 AM,05:32 PM
3,2022/5/29,07:42 AM,05:35 PM
3,2022/5/31,08:50 AM,04:34 PM
3,2022/6/2,08:03 AM,06:51 PM
3,2022/6/3,07:40 AM,06:52 PM
3,2022/6/23,08:59 AM,06:23 PM
3,2022/6/29,07:54 AM,04:24 PM
3,2022/7/16,07:22 AM,06:34 PM
3,2022/7/17,08:05 AM,04:25 PM
3,2022/8/25,07:12 AM,06:55 PM
3,2022/8/29,08:08 AM,04:56 PM
3,2022/9/15,08:30 AM,06:51 PM
3,2022/10/2,08:59 AM,05:57 PM
3,2022/10/11,08:54 AM,06:07 PM
3,2022/10/31,07:16 AM,06:32 PM
3,2022/11/11,07:52 AM,04:50 PM
3,2022/11/25,08:38 AM,05:35 PM
3,2022/11/26,07:20 AM,04:48 PM
3,2022/12/30,07:55 AM,05:35 PM
3,2023/1/11,07:00 AM,06:07 PM
3,2023/1/27,08:16 AM,05:20 PM
3,2023/2/7,08:58 AM,06:47 PM
3,2023/2/11,07:01 AM,06:25 PM
3,2023/2/12,07:39 AM,04:32 PM
3,2023/2/22,07:19 AM,04:07 PM
3,2023/3/12,07:52 AM,06:01 PM
3,2023/3/16,08:47 AM,05:23 PM
3,2023/4/24,08:43 AM,04:39 PM
3,2023/4/26,07:32 AM,04:28 PM
3,2023/5/1,07:53 AM,04:15 PM
3,2023/5/3,07:28 AM,06:40 PM
3,2023/5/10,08:19 AM,05:55 PM
3,2023/5/22,07:06 AM,06:38 PM
4,2022/5/27,08:16 AM,06:25 PM
4,2022/6/22,07:44 AM,06:38 PM
4,2022/7/4,08:55 AM,04:08 PM
4,2022/7/8,07:17 AM,04:14 PM
4,2022/8/14,07:28 AM,04:42 PM
4,2022/8/26,08:45 AM,06:21 PM
4,2022/9/21,08:40 AM,05:10 PM
4,2022/9/26,07:29 AM,05:22 PM
4,2022/10/25,08:26 AM,06:44 PM
4,2022/11/5,07:33 AM,06:54 PM
4,2022/11/11,07:35 AM,05:58 PM
4,2022/11/14,08:32 AM,04:19 PM
4,2022/11/26,08:12 AM,06:11 PM
4,2022/12/6,08:21 AM,06:15 PM
4,2022/12/15,08:11 AM,05:54 PM
4,2022/12/24,07:18 AM,04:55 PM
4,2023/1/2,08:52 AM,04:21 PM
4,2023/1/23,07:21 AM,06:43 PM
4,2023/2/8,08:51 AM,05:56 PM
4,2023/2/9,08:24 AM,04:24 PM
4,2023/2/11,08:48 AM,05:00 PM
4,2023/2/12,08:00 AM,04:09 PM
4,2023/3/11,08:00 AM,05:09 PM
4,2023/3/28,08:31 AM,04:15 PM
4,2023/4/13,08:14 AM,06:01 PM
4,2023/5/12,07:54 AM,04:43 PM
4,2023/5/23,08:16 AM,05:41 PM
5,2022/5/30,08:23 AM,05:42 PM
5,2022/6/2,08:25 AM,06:16 PM
5,2022/6/30,07:37 AM,05:23 PM
5,2022/7/5,08:34 AM,04:16 PM
5,2022/7/26,07:46 AM,04:41 PM
5,2022/7/28,07:06 AM,05:37 PM
5,2022/8/13,08:10 AM,04:33 PM
5,2022/10/18,08:29 AM,05:31 PM
5,2022/11/2,08:59 AM,04:31 PM
5,2022/11/26,08:55 AM,06:02 PM
5,2022/12/1,08:12 AM,04:24 PM
5,2022/12/16,07:05 AM,06:18 PM
5,2022/12/27,07:13 AM,04:53 PM
5,2023/1/2,08:27 AM,05:36 PM
5,2023/1/7,07:00 AM,06:12 PM
5,2023/1/12,07:49 AM,04:03 PM
5,2023/2/1,07:06 AM,05:47 PM
5,2023/2/3,07:03 AM,04:32 PM
5,2023/3/10,07:34 AM,04:40 PM
5,2023/4/6,07:44 AM,06:26 PM
5,2023/4/11,08:21 AM,06:52 PM
5,2023/5/20,08:58 AM,04:37 PM
6,2022/5/29,07:59 AM,05:39 PM
6,2022/6/3,08:12 AM,04:35 PM
6,2022/6/4,08:41 AM,06:08 PM
6,2022/6/20,07:15 AM,05:53 PM
6,2022/7/1,07:42 AM,06:51 PM
6,2022/7/16,08:37 AM,05:14 PM
6,2022/7/25,08:53 AM,05:28 PM
6,2022/7/30,07:58 AM,06:06 PM
6,2022/8/2,08:51 AM,06:33 PM
6,2022/8/6,08:54 AM,06:36 PM
6,2022/8/13,08:17 AM,05:10 PM
6,2022/9/16,08:31 AM,05:13 PM
6,2022/9/20,07:55 AM,05:27 PM
6,2022/9/26,07:48 AM,06:53 PM
6,2022/10/4,07:55 AM,06:43 PM
6,2022/10/6,08:02 AM,05:10 PM
6,2022/10/16,08:09 AM,05:34 PM
6,2022/10/19,08:49 AM,06:14 PM
6,2022/10/21,08:09 AM,06:42 PM
6,2022/10/30,07:42 AM,04:09 PM
6,2022/12/5,08:40 AM,05:01 PM
6,2023/1/18,07:25 AM,06:47 PM
6,2023/1/19,07:00 AM,06:31 PM
6,2023/2/7,07:33 AM,06:53 PM
6,2023/2/26,08:50 AM,05:48 PM
6,2023/3/7,08:09 AM,06:58 PM
6,2023/3/15,08:32 AM,05:39 PM
6,2023/3/22,07:41 AM,05:02 PM
6,2023/3/30,07:53 AM,05:14 PM
6,2023/4/25,07:29 AM,06:09 PM
6,2023/4/29,08:08 AM,06:12 PM
6,2023/5/21,08:19 AM,06:31 PM
7,2022/6/4,08:14 AM,06:20 PM
7,2022/6/5,08:51 AM,06:32 PM
7,2022/6/7,07:02 AM,04:02 PM
7,2022/6/24,07:31 AM,06:58 PM
7,2022/7/25,07:00 AM,04:35 PM
7,2022/7/30,08:58 AM,06:28 PM
7,2022/7/31,08:01 AM,06:30 PM
7,2022/8/25,07:40 AM,06:37 PM
7,2022/9/14,08:41 AM,04:50 PM
7,2022/10/1,07:35 AM,05:31 PM
7,2022/10/8,08:58 AM,06:28 PM
7,2022/10/15,08:22 AM,04:28 PM
7,2022/10/20,08:59 AM,05:45 PM
7,2022/11/18,07:36 AM,04:22 PM
7,2022/12/4,08:14 AM,06:27 PM
7,2022/12/5,07:20 AM,06:40 PM
7,2022/12/17,08:58 AM,04:17 PM
7,2023/1/5,08:08 AM,05:31 PM
7,2023/1/24,08:41 AM,04:00 PM
7,2023/2/5,07:30 AM,06:37 PM
7,2023/2/17,08:18 AM,06:16 PM
7,2023/3/1,08:54 AM,04:40 PM
7,2023/3/15,08:20 AM,06:15 PM
7,2023/3/24,08:56 AM,06:48 PM
7,2023/4/14,08:41 AM,04:36 PM
7,2023/4/15,08:24 AM,05:47 PM
7,2023/4/18,07:39 AM,05:31 PM
7,2023/5/2,07:38 AM,06:43 PM
7,2023/5/7,08:48 AM,06:02 PM
7,2023/5/9,07:53 AM,05:59 PM
8,2022/12/26,07:55 AM,06:35 PM
8,2022/12/26,07:36 AM,06:33 PM
8,2023/1/5,08:28 AM,04:49 PM
8,2022/6/19,07:47 AM,06:19 PM
8,2022/6/25,08:06 AM,05:51 PM
8,2022/6/29,08:34 AM,06:09 PM
8,2022/7/13,08:59 AM,04:53 PM
8,2022/7/18,08:29 AM,06:19 PM
8,2022/7/22,08:27 AM,06:13 PM
8,2022/7/30,07:41 AM,05:20 PM
8,2022/8/5,08:37 AM,06:09 PM
8,2022/8/10,07:13 AM,06:08 PM
8,2022/8/20,07:40 AM,04:50 PM
8,2022/8/22,08:16 AM,06:01 PM
8,2022/8/28,07:34 AM,05:41 PM
8,2022/8/29,08:51 AM,05:21 PM
8,2022/8/30,08:53 AM,05:22 PM
8,2022/9/7,08:33 AM,06:37 PM
8,2022/9/12,08:57 AM,05:03 PM
8,2022/10/11,08:10 AM,06:50 PM
8,2022/10/12,07:23 AM,05:17 PM
8,2022/10/23,07:24 AM,06:47 PM
8,2022/11/30,08:42 AM,05:52 PM
8,2022/12/3,07:53 AM,04:20 PM
8,2022/12/13,08:59 AM,05:07 PM
8,2023/1/3,08:09 AM,06:54 PM
8,2023/1/10,07:20 AM,06:53 PM
8,2023/1/25,08:55 AM,05:58 PM
8,2023/1/30,08:32 AM,04:40 PM
8,2023/2/4,08:28 AM,05:57 PM
8,2023/3/7,08:56 AM,04:19 PM
8,2023/3/8,08:33 AM,04:04 PM
8,2023/3/25,08:19 AM,04:49 PM
8,2023/3/28,07:13 AM,05:22 PM
8,2023/3/30,08:43 AM,04:21 PM
8,2023/4/8,07:48 AM,05:27 PM
8,2023/4/14,07:43 AM,05:37 PM
8,2023/4/29,07:16 AM,04:30 PM
9,2022/6/25,08:44 AM,06:20 PM
9,2022/6/29,08:42 AM,05:22 PM
9,2022/7/26,07:37 AM,05:15 PM
9,2022/7/27,08:02 AM,05:24 PM
9,2022/7/31,08:51 AM,05:05 PM
9,2022/8/10,07:40 AM,04:31 PM
9,2022/8/31,07:53 AM,04:57 PM
9,2022/9/7,08:41 AM,05:06 PM
9,2022/9/16,08:01 AM,04:15 PM
9,2022/9/22,07:00 AM,06:28 PM
9,2022/10/22,07:48 AM,05:03 PM
9,2022/11/14,08:53 AM,04:39 PM
9,2023/1/5,07:13 AM,04:06 PM
9,2023/1/10,07:59 AM,05:48 PM
9,2023/2/3,08:24 AM,04:08 PM
9,2023/3/9,07:26 AM,04:06 PM
9,2023/3/17,08:41 AM,05:16 PM
9,2023/4/26,07:27 AM,04:05 PM
9,2023/5/23,07:40 AM,06:15 PM
10,2023/3/15,07:06 AM,06:17 PM
10,2023/5/22,07:28 AM,05:05 PM
10,2022/6/16,08:44 AM,05:13 PM
10,2022/6/23,07:03 AM,04:04 PM
10,2022/6/24,08:38 AM,04:23 PM
10,2022/7/24,07:56 AM,04:05 PM
10,2022/7/29,08:51 AM,04:34 PM
10,2022/8/6,08:46 AM,06:08 PM
10,2022/8/24,08:01 AM,06:26 PM
10,2022/8/30,07:00 AM,04:57 PM
10,2022/10/24,07:40 AM,04:35 PM
10,2022/11/7,07:34 AM,05:21 PM
10,2022/11/12,07:53 AM,05:30 PM
10,2022/11/17,07:18 AM,05:25 PM
10,2022/11/19,08:48 AM,06:57 PM
10,2022/11/21,08:04 AM,06:45 PM
10,2022/11/24,08:03 AM,05:15 PM
10,2022/12/6,08:17 AM,04:34 PM
10,2023/1/15,07:01 AM,04:37 PM
10,2023/1/25,08:51 AM,06:14 PM
10,2023/2/3,08:43 AM,04:19 PM
10,2023/2/11,08:33 AM,04:25 PM
10,2023/2/16,07:25 AM,06:29 PM
10,2023/2/22,08:31 AM,06:11 PM
10,2023/2/24,07:52 AM,04:26 PM
10,2023/3/29,07:34 AM,06:45 PM
10,2023/4/29,07:16 AM,05:42 PM
10,2023/4/30,08:35 AM,06:35 PM
10,2023/5/4,08:59 AM,04:08 PM
10,2023/5/6,07:56 AM,04:54 PM
11,2022/5/30,07:24 AM,05:12 PM
11,2022/6/13,08:08 AM,04:42 PM
11,2022/6/14,08:42 AM,06:59 PM
11,2022/7/24,07:57 AM,04:32 PM
11,2022/8/10,08:40 AM,06:37 PM
11,2022/9/5,07:50 AM,04:34 PM
11,2022/9/26,07:15 AM,06:50 PM
11,2022/10/10,07:44 AM,05:03 PM
11,2022/10/19,07:43 AM,04:49 PM
11,2022/10/25,08:06 AM,04:03 PM
11,2022/10/26,08:54 AM,06:14 PM
11,2022/11/17,07:41 AM,05:27 PM
11,2022/11/19,07:32 AM,04:54 PM
11,2022/11/28,07:37 AM,04:53 PM
11,2023/1/1,07:02 AM,06:50 PM
11,2023/1/16,07:32 AM,05:21 PM
11,2023/2/11,08:16 AM,06:41 PM
11,2023/2/18,08:09 AM,05:06 PM
11,2023/3/30,07:13 AM,05:35 PM
11,2023/4/3,08:32 AM,06:04 PM
11,2023/4/7,08:31 AM,04:57 PM
11,2023/5/13,08:23 AM,05:15 PM
11,2023/5/14,07:28 AM,04:24 PM
11,2023/5/16,07:29 AM,04:12 PM
12,2022/8/14,08:14 AM,06:42 PM
12,2022/9/18,08:28 AM,06:25 PM
12,2023/1/19,07:35 AM,05:15 PM
12,2022/6/1,07:48 AM,04:27 PM
12,2022/6/2,08:35 AM,04:25 PM
12,2022/6/14,08:09 AM,06:50 PM
12,2022/6/18,08:01 AM,04:29 PM
12,2022/6/23,08:50 AM,05:24 PM
12,2022/7/9,08:13 AM,06:51 PM
12,2022/8/25,08:39 AM,06:38 PM
12,2022/9/3,07:23 AM,05:24 PM
12,2022/10/2,08:10 AM,04:51 PM
12,2022/10/9,08:52 AM,04:00 PM
12,2022/10/12,08:36 AM,04:59 PM
12,2022/10/31,08:12 AM,05:59 PM
12,2022/11/13,08:14 AM,05:28 PM
12,2022/11/15,07:11 AM,06:09 PM
12,2022/11/17,08:57 AM,04:01 PM
12,2022/12/1,08:56 AM,05:40 PM
12,2022/12/18,08:34 AM,05:37 PM
12,2023/1/4,07:23 AM,06:56 PM
12,2023/1/20,07:04 AM,05:09 PM
12,2023/1/24,08:18 AM,05:12 PM
12,2023/1/25,08:56 AM,05:37 PM
12,2023/3/4,07:47 AM,06:14 PM
12,2023/3/18,07:37 AM,05:57 PM
12,2023/3/27,07:34 AM,05:02 PM
12,2023/4/9,07:30 AM,04:36 PM
12,2023/4/15,08:03 AM,06:38 PM
12,2023/5/17,08:34 AM,05:44 PM
12,2023/5/20,07:47 AM,06:11 PM
12,2023/5/22,07:57 AM,05:54 PM
13,2022/5/28,07:55 AM,06:32 PM
13,2022/5/29,07:13 AM,05:36 PM
13,2022/6/1,08:41 AM,05:36 PM
13,2022/6/8,08:03 AM,04:09 PM
13,2022/6/14,07:00 AM,05:54 PM
13,2022/7/11,07:29 AM,05:08 PM
13,2022/7/13,07:38 AM,06:20 PM
13,2022/7/20,07:31 AM,04:40 PM
13,2022/8/8,07:17 AM,06:40 PM
13,2022/8/16,08:00 AM,06:03 PM
13,2022/9/16,07:12 AM,04:35 PM
13,2022/10/20,07:50 AM,04:59 PM
13,2022/10/23,07:09 AM,04:13 PM
13,2022/11/1,07:47 AM,06:52 PM
13,2022/11/17,08:50 AM,06:05 PM
13,2022/12/2,07:02 AM,06:40 PM
13,2022/12/14,08:10 AM,04:07 PM
13,2022/12/28,08:34 AM,04:54 PM
13,2022/12/29,07:50 AM,06:04 PM
13,2023/1/31,07:24 AM,05:46 PM
13,2023/2/2,07:28 AM,06:16 PM
13,2023/2/22,08:05 AM,05:54 PM
13,2023/3/6,07:08 AM,04:26 PM
13,2023/4/1,07:01 AM,04:11 PM
13,2023/5/9,07:16 AM,05:38 PM
13,2023/5/21,07:08 AM,05:48 PM
14,2022/5/29,08:15 AM,05:49 PM
14,2022/9/3,07:59 AM,06:32 PM
14,2022/5/27,08:59 AM,06:12 PM
14,2022/6/7,07:49 AM,05:02 PM
14,2022/6/18,07:22 AM,06:12 PM
14,2022/7/9,08:36 AM,06:18 PM
14,2022/7/31,07:18 AM,05:59 PM
14,2022/8/8,07:12 AM,06:47 PM
14,2022/9/13,07:24 AM,06:04 PM
14,2022/10/23,08:00 AM,04:26 PM
14,2022/10/27,08:34 AM,05:42 PM
14,2022/10/28,07:59 AM,04:20 PM
14,2022/11/5,07:23 AM,05:32 PM
14,2022/11/17,08:38 AM,04:29 PM
14,2022/12/2,08:18 AM,06:21 PM
14,2022/12/11,08:05 AM,05:55 PM
14,2022/12/25,08:58 AM,06:12 PM
14,2023/2/1,07:21 AM,06:39 PM
14,2023/2/2,07:59 AM,04:40 PM
14,2023/2/8,08:18 AM,06:57 PM
14,2023/2/10,07:30 AM,06:57 PM
14,2023/2/21,08:03 AM,04:12 PM
14,2023/2/26,07:19 AM,06:06 PM
14,2023/2/28,08:33 AM,04:47 PM
14,2023/3/23,07:17 AM,04:39 PM
14,2023/4/3,08:01 AM,05:20 PM
14,2023/4/16,08:50 AM,05:28 PM
14,2023/4/27,08:08 AM,06:26 PM
15,2022/6/2,07:32 AM,06:21 PM
15,2022/6/18,08:50 AM,04:52 PM
15,2022/7/1,08:46 AM,06:05 PM
15,2022/7/2,07:12 AM,04:45 PM
15,2022/7/21,07:44 AM,06:42 PM
15,2022/7/30,07:18 AM,06:02 PM
15,2022/8/20,08:51 AM,04:40 PM
15,2022/8/23,08:43 AM,06:35 PM
15,2022/10/10,08:36 AM,06:11 PM
15,2022/10/11,08:35 AM,06:51 PM
15,2022/10/26,07:33 AM,06:30 PM
15,2022/11/5,07:21 AM,06:08 PM
15,2022/11/18,07:56 AM,05:11 PM
15,2022/11/21,08:56 AM,04:08 PM
15,2022/11/25,08:19 AM,05:30 PM
15,2022/12/24,07:37 AM,06:22 PM
15,2023/1/19,07:41 AM,05:36 PM
15,2023/1/22,07:39 AM,04:02 PM
15,2023/2/17,08:53 AM,04:11 PM
15,2023/3/6,08:52 AM,05:50 PM
15,2023/3/17,07:12 AM,06:23 PM
15,2023/3/21,07:02 AM,06:34 PM
15,2023/3/29,08:19 AM,05:48 PM
15,2023/4/4,08:21 AM,05:38 PM
15,2023/4/17,08:16 AM,04:40 PM
15,2023/4/29,07:14 AM,06:55 PM
15,2023/5/1,08:21 AM,04:42 PM
15,2023/5/8,07:19 AM,04:03 PM
15,2023/5/24,07:30 AM,05:00 PM
16,2022/6/3,08:23 AM,04:04 PM
16,2022/6/20,07:53 AM,05:46 PM
16,2022/7/13,07:40 AM,04:37 PM
16,2022/7/17,08:47 AM,05:34 PM
16,2022/7/19,08:23 AM,06:42 PM
16,2022/7/22,07:51 AM,06:14 PM
16,2022/7/28,08:54 AM,04:03 PM
16,2022/7/29,07:59 AM,06:06 PM
16,2022/8/11,07:42 AM,06:13 PM
16,2022/8/16,08:52 AM,04:23 PM
16,2022/8/23,07:00 AM,06:54 PM
16,2022/9/2,07:06 AM,06:56 PM
16,2022/10/1,07:16 AM,04:24 PM
16,2022/10/27,08:47 AM,06:06 PM
16,2022/11/5,08:28 AM,04:36 PM
16,2022/11/9,08:38 AM,05:56 PM
16,2022/11/22,08:44 AM,06:32 PM
16,2022/12/4,07:05 AM,04:30 PM
16,2023/1/23,07:05 AM,06:47 PM
16,2023/1/31,07:35 AM,04:15 PM
16,2023/2/5,07:40 AM,04:22 PM
16,2023/2/27,08:18 AM,05:06 PM
16,2023/3/6,07:48 AM,06:36 PM
16,2023/3/7,08:12 AM,05:57 PM
16,2023/3/17,07:03 AM,05:17 PM
16,2023/3/22,08:17 AM,05:11 PM
16,2023/4/15,07:34 AM,06:37 PM
16,2023/5/3,07:07 AM,06:32 PM
17,2022/6/7,08:53 AM,04:13 PM
17,2022/7/3,08:15 AM,05:41 PM
17,2022/7/19,07:57 AM,06:47 PM
17,2022/8/28,08:40 AM,05:21 PM
17,2022/10/19,08:46 AM,05:21 PM
17,2022/11/1,08:14 AM,04:35 PM
17,2022/11/10,07:04 AM,06:15 PM
17,2022/11/23,08:05 AM,06:55 PM
17,2022/12/4,08:44 AM,05:42 PM
17,2022/12/14,08:05 AM,04:16 PM
17,2022/12/17,08:15 AM,04:42 PM
17,2023/1/9,08:20 AM,04:06 PM
17,2023/1/14,08:14 AM,06:31 PM
17,2023/2/13,07:00 AM,06:30 PM
17,2023/3/4,08:40 AM,06:08 PM
17,2023/3/27,08:36 AM,05:27 PM
17,2023/4/8,07:59 AM,04:41 PM
17,2023/5/1,08:56 AM,04:21 PM
17,2023/5/24,08:49 AM,04:52 PM
18,2022/10/1,08:27 AM,06:04 PM
18,2023/3/12,07:19 AM,06:34 PM
18,2023/4/7,08:42 AM,05:51 PM
18,2022/6/4,08:03 AM,04:23 PM
18,2022/6/9,08:47 AM,05:56 PM
18,2022/6/11,08:14 AM,06:58 PM
18,2022/6/28,08:51 AM,06:05 PM
18,2022/7/1,08:41 AM,04:12 PM
18,2022/7/7,08:04 AM,06:33 PM
18,2022/7/18,07:15 AM,05:22 PM
18,2022/7/31,08:27 AM,06:00 PM
18,2022/8/29,07:02 AM,04:36 PM
18,2022/8/31,08:30 AM,06:19 PM
18,2022/9/4,08:26 AM,05:49 PM
18,2022/9/11,07:53 AM,06:30 PM
18,2022/9/19,08:06 AM,05:11 PM
18,2022/11/4,08:15 AM,04:03 PM
18,2022/11/9,08:05 AM,06:32 PM
18,2022/11/15,07:20 AM,05:56 PM
18,2022/12/2,07:51 AM,05:15 PM
18,2022/12/6,07:00 AM,06:37 PM
18,2022/12/10,07:51 AM,04:31 PM
18,2022/12/12,07:50 AM,06:36 PM
18,2022/12/16,07:06 AM,04:05 PM
18,2022/12/31,08:20 AM,05:48 PM
18,2023/1/23,07:59 AM,05:32 PM
18,2023/1/29,07:35 AM,04:07 PM
18,2023/1/31,07:39 AM,04:08 PM
18,2023/3/20,07:27 AM,06:23 PM
18,2023/4/5,08:27 AM,06:25 PM
18,2023/5/17,07:07 AM,06:11 PM
18,2023/5/19,07:20 AM,05:04 PM
18,2023/5/21,07:05 AM,06:24 PM
19,2022/12/11,07:10 AM,05:36 PM
19,2022/6/12,08:24 AM,06:11 PM
19,2022/6/16,07:45 AM,06:27 PM
19,2022/7/5,08:48 AM,05:36 PM
19,2022/7/24,07:38 AM,04:31 PM
19,2022/8/18,08:03 AM,06:22 PM
19,2022/8/26,08:19 AM,04:01 PM
19,2022/9/3,08:53 AM,04:28 PM
19,2022/9/6,07:40 AM,06:05 PM
19,2022/9/21,08:46 AM,04:45 PM
19,2022/10/23,07:50 AM,04:44 PM
19,2022/10/31,08:49 AM,05:25 PM
19,2022/11/6,07:22 AM,06:05 PM
19,2022/11/11,08:23 AM,05:30 PM
19,2022/12/4,07:30 AM,05:50 PM
19,2022/12/17,07:19 AM,06:08 PM
19,2023/1/9,07:42 AM,04:16 PM
19,2023/1/15,07:22 AM,04:04 PM
19,2023/1/20,07:12 AM,04:24 PM
19,2023/2/8,08:25 AM,05:04 PM
19,2023/2/10,07:33 AM,04:41 PM
19,2023/2/17,07:58 AM,05:55 PM
19,2023/2/22,08:22 AM,06:54 PM
19,2023/3/6,07:44 AM,05:14 PM
19,2023/3/8,08:45 AM,06:55 PM
19,2023/4/13,08:49 AM,05:46 PM
19,2023/4/29,08:38 AM,05:56 PM
19,2023/4/30,07:59 AM,05:31 PM
20,2022/5/28,07:11 AM,06:23 PM
20,2022/5/29,08:57 AM,05:36 PM
20,2022/5/30,07:07 AM,04:16 PM
20,2022/5/31,08:50 AM,05:57 PM
20,2022/6/3,07:11 AM,04:42 PM
20,2022/6/15,07:53 AM,06:55 PM
20,2022/6/17,07:09 AM,06:39 PM
20,2022/7/8,08:15 AM,05:28 PM
20,2022/8/7,07:11 AM,05:04 PM
20,2022/8/24,08:13 AM,06:21 PM
20,2022/8/30,08:34 AM,05:51 PM
20,2022/9/17,07:49 AM,05:02 PM
20,2022/9/28,07:50 AM,05:13 PM
20,2022/10/3,08:07 AM,06:39 PM
20,2022/10/16,08:03 AM,05:18 PM
20,2022/10/31,08:46 AM,06:28 PM
20,2022/11/8,07:13 AM,05:20 PM
20,2022/11/20,07:46 AM,04:42 PM
20,2022/12/20,08:24 AM,06:11 PM
20,2022/12/26,07:01 AM,05:01 PM
20,2023/1/13,07:27 AM,06:24 PM
20,2023/1/14,07:25 AM,05:18 PM
20,2023/2/17,07:02 AM,05:38 PM
20,2023/2/18,08:53 AM,04:51 PM
20,2023/3/3,07:35 AM,06:24 PM
20,2023/3/19,07:33 AM,04:49 PM
20,2023/3/22,08:21 AM,06:00 PM
20,2023/4/11,07:22 AM,06:47 PM
20,2023/4/17,07:28 AM,04:02 PM
20,2023/4/27,07:51 AM,05:06 PM
20,2023/5/4,07:52 AM,05:18 PM
21,2022/6/4,08:18 AM,06:47 PM
21,2022/6/15,08:45 AM,06:38 PM
21,2022/6/17,08:34 AM,04:49 PM
21,2022/6/28,07:28 AM,05:03 PM
21,2022/7/8,08:29 AM,04:37 PM
21,2022/7/28,08:54 AM,05:34 PM
21,2022/8/12,07:19 AM,06:11 PM
21,2022/8/14,07:34 AM,05:56 PM
21,2022/8/17,08:50 AM,06:16 PM
21,2022/8/20,08:58 AM,06:26 PM
21,2022/8/28,08:20 AM,06:14 PM
21,2022/9/3,08:40 AM,06:49 PM
21,2022/9/16,07:59 AM,06:18 PM
21,2022/9/28,07:10 AM,06:24 PM
21,2022/9/30,07:06 AM,05:09 PM
21,2022/10/14,07:29 AM,06:28 PM
21,2022/10/16,08:14 AM,04:30 PM
21,2022/10/24,07:13 AM,06:49 PM
21,2023/1/13,08:26 AM,05:13 PM
21,2023/1/15,08:41 AM,05:49 PM
21,2023/1/17,08:45 AM,05:19 PM
21,2023/2/7,07:28 AM,05:22 PM
21,2023/2/19,08:26 AM,05:57 PM
21,2023/2/27,08:51 AM,06:10 PM
21,2023/3/3,07:09 AM,04:17 PM
21,2023/3/8,07:40 AM,04:32 PM
21,2023/3/16,07:11 AM,04:38 PM
21,2023/3/27,08:11 AM,06:29 PM
21,2023/4/3,07:11 AM,06:20 PM
21,2023/4/8,07:56 AM,06:42 PM
21,2023/5/8,08:34 AM,04:30 PM
21,2023/5/16,08:05 AM,05:28 PM
21,2023/5/18,08:52 AM,05:13 PM
22,2022/5/28,08:51 AM,04:10 PM
22,2022/8/1,07:55 AM,06:13 PM
22,2022/9/8,07:44 AM,06:46 PM
22,2022/5/31,08:28 AM,06:26 PM
22,2022/6/9,08:18 AM,05:43 PM
22,2022/7/7,07:03 AM,06:53 PM
22,2022/7/9,08:28 AM,04:40 PM
22,2022/7/28,08:02 AM,05:37 PM
22,2022/8/12,08:19 AM,04:23 PM
22,2022/9/14,08:35 AM,04:49 PM
22,2022/9/15,08:53 AM,05:54 PM
22,2022/9/28,07:15 AM,05:14 PM
22,2022/9/29,08:31 AM,05:00 PM
22,2022/10/2,08:24 AM,04:24 PM
22,2022/10/9,07:11 AM,05:30 PM
22,2022/10/18,08:30 AM,04:03 PM
22,2022/11/5,07:03 AM,04:42 PM
22,2022/11/30,07:43 AM,04:58 PM
22,2022/12/7,07:52 AM,05:25 PM
22,2022/12/27,08:25 AM,06:08 PM
22,2023/1/7,07:52 AM,05:35 PM
22,2023/1/22,07:01 AM,04:35 PM
22,2023/2/12,07:06 AM,05:06 PM
22,2023/3/26,08:02 AM,05:50 PM
22,2023/3/29,07:29 AM,06:51 PM
22,2023/4/29,08:51 AM,05:36 PM
22,2023/5/14,07:18 AM,05:49 PM
23,2022/6/8,08:01 AM,05:05 PM
23,2022/6/17,07:06 AM,05:59 PM
23,2022/7/5,07:35 AM,05:45 PM
23,2022/7/21,07:52 AM,04:51 PM
23,2022/8/2,08:40 AM,05:25 PM
23,2022/8/5,07:07 AM,04:49 PM
23,2022/8/26,07:14 AM,04:36 PM
23,2022/9/3,08:41 AM,06:10 PM
23,2022/9/9,07:11 AM,04:06 PM
23,2022/9/14,07:14 AM,06:59 PM
23,2022/9/25,07:58 AM,05:28 PM
23,2022/10/1,08:52 AM,04:20 PM
23,2022/10/6,08:02 AM,06:45 PM
23,2022/10/15,08:37 AM,06:13 PM
23,2022/10/29,08:36 AM,06:35 PM
23,2022/11/12,07:43 AM,06:02 PM
23,2022/11/25,08:45 AM,06:42 PM
23,2022/12/1,08:35 AM,05:49 PM
23,2022/12/16,07:00 AM,06:57 PM
23,2022/12/29,08:38 AM,06:55 PM
23,2022/12/30,08:05 AM,06:33 PM
23,2023/1/22,07:22 AM,04:59 PM
23,2023/2/16,08:55 AM,06:46 PM
23,2023/2/23,08:37 AM,06:51 PM
23,2023/3/21,08:51 AM,04:55 PM
23,2023/3/26,07:50 AM,04:19 PM
23,2023/3/28,08:44 AM,04:44 PM
23,2023/3/31,08:24 AM,05:51 PM
23,2023/4/15,08:06 AM,06:13 PM
23,2023/5/13,08:58 AM,05:21 PM
23,2023/5/19,08:47 AM,04:49 PM
24,2022/11/27,08:19 AM,05:00 PM
24,2022/5/28,08:27 AM,06:44 PM
24,2022/5/31,08:25 AM,05:53 PM
24,2022/6/28,08:03 AM,04:40 PM
24,2022/7/31,07:00 AM,06:35 PM
24,2022/8/3,08:40 AM,06:04 PM
24,2022/8/26,08:45 AM,04:46 PM
24,2022/9/17,07:14 AM,05:41 PM
24,2022/10/3,08:12 AM,05:45 PM
24,2022/10/6,07:57 AM,06:00 PM
24,2022/10/13,08:18 AM,05:50 PM
24,2022/10/14,08:27 AM,06:23 PM
24,2022/10/16,07:47 AM,04:27 PM
24,2022/11/10,08:40 AM,06:15 PM
24,2022/12/11,07:01 AM,06:42 PM
24,2022/12/31,07:02 AM,05:49 PM
24,2023/1/1,07:48 AM,05:12 PM
24,2023/1/16,08:05 AM,04:55 PM
24,2023/1/24,07:15 AM,04:49 PM
24,2023/2/10,07:22 AM,05:32 PM
24,2023/2/23,08:35 AM,04:03 PM
24,2023/3/2,08:50 AM,06:47 PM
24,2023/3/30,07:55 AM,05:48 PM
24,2023/3/31,08:35 AM,05:12 PM
24,2023/4/23,08:33 AM,04:49 PM
25,2022/6/4,08:16 AM,06:06 PM
25,2022/6/24,08:31 AM,04:51 PM
25,2022/6/29,07:30 AM,05:50 PM
25,2022/7/1,08:47 AM,04:50 PM
25,2022/8/4,08:59 AM,04:09 PM
25,2022/8/11,08:10 AM,05:19 PM
25,2022/8/15,08:09 AM,06:42 PM
25,2022/9/12,08:39 AM,04:58 PM
25,2022/10/21,08:22 AM,06:31 PM
25,2022/10/28,08:28 AM,04:22 PM
25,2022/11/6,08:18 AM,04:53 PM
25,2022/11/18,08:13 AM,05:18 PM
25,2022/11/23,08:11 AM,06:03 PM
25,2022/12/3,07:57 AM,05:57 PM
25,2022/12/6,08:46 AM,05:25 PM
25,2022/12/24,08:21 AM,06:31 PM
25,2022/12/31,08:14 AM,05:01 PM
25,2023/1/15,07:14 AM,05:19 PM
25,2023/2/8,08:51 AM,06:51 PM
25,2023/2/28,07:35 AM,06:06 PM
25,2023/3/7,08:01 AM,06:54 PM
25,2023/4/4,08:55 AM,04:25 PM
25,2023/4/17,08:11 AM,04:18 PM
25,2023/5/9,07:32 AM,06:27 PM
26,2022/5/26,07:32 AM,05:39 PM
26,2022/6/4,08:05 AM,04:17 PM
26,2022/6/25,07:39 AM,06:51 PM
26,2022/7/26,07:27 AM,05:10 PM
26,2022/7/29,07:28 AM,04:47 PM
26,2022/8/12,08:35 AM,04:43 PM
26,2022/8/24,07:10 AM,06:34 PM
26,2022/10/3,08:13 AM,05:02 PM
26,2022/10/18,07:29 AM,05:54 PM
26,2022/11/1,08:46 AM,05:35 PM
26,2022/11/15,07:22 AM,05:53 PM
26,2022/11/28,08:52 AM,04:55 PM
26,2022/12/2,07:05 AM,04:45 PM
26,2022/12/27,08:41 AM,04:09 PM
26,2023/1/8,07:20 AM,04:42 PM
26,2023/1/10,07:59 AM,04:18 PM
26,2023/1/16,08:45 AM,05:09 PM
26,2023/1/19,08:55 AM,05:57 PM
26,2023/1/29,07:53 AM,05:07 PM
26,2023/3/2,07:56 AM,06:59 PM
26,2023/3/3,08:46 AM,05:35 PM
26,2023/3/5,08:53 AM,04:27 PM
26,2023/3/16,07:30 AM,04:36 PM
26,2023/3/31,07:17 AM,06:59 PM
26,2023/4/8,07:02 AM,06:13 PM
26,2023/4/10,07:01 AM,05:37 PM
26,2023/4/20,07:02 AM,06:02 PM
26,2023/4/26,08:58 AM,06:50 PM
26,2023/5/8,07:02 AM,05:21 PM
26,2023/5/12,07:11 AM,04:08 PM
26,2023/5/16,08:34 AM,04:18 PM
27,2022/8/12,07:32 AM,05:47 PM
27,2023/4/10,08:37 AM,06:09 PM
27,2022/6/4,07:47 AM,04:56 PM
27,2022/7/3,08:07 AM,05:14 PM
27,2022/7/19,08:05 AM,04:25 PM
27,2022/7/25,08:00 AM,05:38 PM
27,2022/8/1,08:52 AM,06:57 PM
27,2022/8/2,07:18 AM,04:37 PM
27,2022/8/18,08:25 AM,06:08 PM
27,2022/9/4,07:47 AM,06:37 PM
27,2022/9/6,08:24 AM,04:16 PM
27,2022/9/9,07:19 AM,06:03 PM
27,2022/9/27,08:41 AM,06:38 PM
27,2022/10/21,07:28 AM,06:46 PM
27,2022/10/29,08:51 AM,05:25 PM
27,2022/11/8,07:49 AM,04:26 PM
27,2022/11/20,07:45 AM,05:38 PM
27,2022/12/3,08:08 AM,05:49 PM
27,2022/12/12,08:42 AM,04:34 PM
27,2023/1/24,07:13 AM,04:41 PM
27,2023/2/8,08:06 AM,06:32 PM
27,2023/2/9,08:47 AM,04:07 PM
27,2023/2/28,07:54 AM,05:32 PM
27,2023/3/7,08:43 AM,04:04 PM
27,2023/3/8,07:07 AM,04:44 PM
27,2023/3/28,08:37 AM,05:42 PM
27,2023/4/8,07:44 AM,05:27 PM
28,2022/12/27,08:01 AM,06:55 PM
28,2022/6/6,07:03 AM,06:56 PM
28,2022/6/13,08:36 AM,06:02 PM
28,2022/6/28,07:56 AM,05:56 PM
28,2022/7/7,08:39 AM,05:01 PM
28,2022/7/9,08:15 AM,05:39 PM
28,2022/7/20,08:16 AM,04:19 PM
28,2022/8/13,08:38 AM,05:03 PM
28,2022/9/16,07:48 AM,06:10 PM
28,2022/9/24,07:57 AM,05:45 PM
28,2022/10/4,07:16 AM,04:10 PM
28,2022/10/12,08:27 AM,04:13 PM
28,2022/10/16,07:24 AM,06:38 PM
28,2022/10/17,07:03 AM,05:00 PM
28,2022/11/3,08:18 AM,04:50 PM
28,2022/11/4,08:37 AM,05:55 PM
28,2022/11/19,08:17 AM,05:47 PM
28,2022/11/23,07:45 AM,05:51 PM
28,2022/11/29,08:56 AM,06:19 PM
28,2022/12/1,08:53 AM,04:07 PM
28,2022/12/4,08:29 AM,06:41 PM
28,2022/12/5,07:13 AM,04:19 PM
28,2022/12/11,08:36 AM,04:49 PM
28,2022/12/15,07:05 AM,05:00 PM
28,2022/12/20,08:22 AM,06:42 PM
28,2023/1/1,08:31 AM,06:48 PM
28,2023/1/10,07:30 AM,05:32 PM
28,2023/1/26,08:44 AM,06:53 PM
28,2023/2/11,07:12 AM,05:34 PM
28,2023/2/20,08:55 AM,06:01 PM
28,2023/2/26,07:59 AM,05:25 PM
28,2023/2/27,08:26 AM,04:33 PM
28,2023/3/3,08:05 AM,05:20 PM
28,2023/3/17,07:28 AM,04:14 PM
28,2023/4/2,07:30 AM,06:58 PM
28,2023/4/3,08:12 AM,05:58 PM
28,2023/4/18,07:59 AM,06:49 PM
28,2023/5/11,07:29 AM,04:48 PM
28,2023/5/13,08:44 AM,05:22 PM
28,2023/5/14,07:03 AM,06:17 PM
28,2023/5/16,07:48 AM,05:32 PM
29,2022/6/6,08:17 AM,05:24 PM
29,2022/6/25,08:32 AM,04:19 PM
29,2022/7/1,07:34 AM,04:24 PM
29,2022/8/9,07:26 AM,05:29 PM
29,2023/3/18,07:19 AM,05:41 PM
29,2022/6/2,08:38 AM,06:05 PM
29,2022/6/17,07:41 AM,05:13 PM
29,2022/7/4,07:10 AM,05:05 PM
29,2022/7/12,07:18 AM,05:32 PM
29,2022/7/21,07:42 AM,05:03 PM
29,2022/7/25,07:24 AM,06:16 PM
29,2022/8/16,07:28 AM,05:19 PM
29,2022/9/9,08:44 AM,05:51 PM
29,2022/10/11,07:36 AM,06:28 PM
29,2022/11/8,07:00 AM,06:46 PM
29,2022/12/4,08:06 AM,06:07 PM
29,2023/1/2,08:32 AM,04:02 PM
29,2023/1/3,07:29 AM,04:02 PM
29,2023/1/25,07:13 AM,04:05 PM
29,2023/1/27,08:03 AM,04:27 PM
29,2023/2/2,07:18 AM,05:17 PM
29,2023/2/3,08:22 AM,04:45 PM
29,2023/2/14,07:28 AM,04:19 PM
29,2023/2/20,07:07 AM,06:05 PM
29,2023/3/17,07:36 AM,06:50 PM
29,2023/4/4,07:44 AM,04:37 PM
29,2023/4/15,07:53 AM,04:52 PM
29,2023/4/22,07:48 AM,05:23 PM
29,2023/4/25,08:38 AM,06:44 PM
29,2023/5/2,07:54 AM,06:51 PM
29,2023/5/11,08:44 AM,04:25 PM
29,2023/5/15,07:53 AM,04:53 PM
30,2022/7/17,08:21 AM,04:28 PM
30,2022/6/22,07:23 AM,04:05 PM
30,2022/6/28,07:34 AM,05:59 PM
30,2022/7/9,07:14 AM,05:46 PM
30,2022/8/7,08:40 AM,06:50 PM
30,2022/8/15,07:49 AM,06:00 PM
30,2022/10/6,08:53 AM,04:22 PM
30,2022/10/9,07:34 AM,05:55 PM
30,2022/10/13,07:44 AM,05:22 PM
30,2022/10/14,08:27 AM,06:13 PM
30,2022/10/16,08:45 AM,04:13 PM
30,2022/10/17,07:25 AM,06:25 PM
30,2022/10/30,08:30 AM,04:10 PM
30,2022/11/2,08:33 AM,06:16 PM
30,2022/11/5,08:40 AM,04:46 PM
30,2022/11/15,07:41 AM,04:40 PM
30,2022/11/27,07:31 AM,06:38 PM
30,2022/12/5,07:31 AM,05:55 PM
30,2023/1/5,07:16 AM,04:02 PM
30,2023/1/9,07:28 AM,06:17 PM
30,2023/1/16,08:02 AM,06:27 PM
30,2023/1/31,08:09 AM,05:13 PM
30,2023/2/24,07:47 AM,06:03 PM
30,2023/3/26,07:41 AM,06:52 PM
30,2023/4/3,08:20 AM,05:08 PM
30,2023/4/8,08:04 AM,06:35 PM
30,2023/5/7,08:23 AM,05:07 PM
30,2023/5/19,08:34 AM,06:46 PM
31,2023/5/17,08:58 AM,05:30 PM
31,2022/5/26,07:37 AM,06:12 PM
31,2022/6/10,08:36 AM,06:38 PM
31,2022/6/22,07:10 AM,04:49 PM
31,2022/6/29,08:05 AM,04:58 PM
31,2022/7/11,07:51 AM,04:23 PM
31,2022/7/26,08:30 AM,05:25 PM
31,2022/8/14,07:44 AM,06:56 PM
31,2022/9/1,08:23 AM,06:23 PM
31,2022/9/8,07:41 AM,05:31 PM
31,2022/9/25,07:17 AM,04:08 PM
31,2022/10/3,08:06 AM,04:18 PM
31,2022/10/7,07:01 AM,04:43 PM
31,2022/11/22,08:27 AM,04:10 PM
31,2022/12/10,07:21 AM,05:28 PM
31,2022/12/20,07:12 AM,06:43 PM
31,2023/3/14,08:34 AM,05:14 PM
31,2023/3/19,07:29 AM,06:42 PM
31,2023/3/21,08:53 AM,05:41 PM
31,2023/4/6,08:03 AM,05:33 PM
31,2023/4/13,07:35 AM,05:40 PM
31,2023/4/26,08:21 AM,05:11 PM
31,2023/5/16,07:46 AM,04:59 PM
31,2023/5/19,08:21 AM,04:59 PM
32,2022/6/7,07:55 AM,05:30 PM
32,2022/6/13,07:20 AM,05:38 PM
32,2022/6/2,07:32 AM,05:01 PM
32,2022/6/10,08:59 AM,06:55 PM
32,2022/6/12,07:38 AM,04:07 PM
32,2022/6/28,08:32 AM,06:26 PM
32,2022/7/6,08:53 AM,06:52 PM
32,2022/7/16,07:12 AM,04:09 PM
32,2022/7/27,07:33 AM,05:22 PM
32,2022/8/4,08:28 AM,06:53 PM
32,2022/8/12,07:24 AM,05:32 PM
32,2022/8/13,07:53 AM,06:59 PM
32,2022/8/29,08:35 AM,04:28 PM
32,2022/9/5,07:31 AM,06:27 PM
32,2022/9/8,08:47 AM,05:38 PM
32,2022/9/17,07:17 AM,04:23 PM
32,2022/9/26,08:38 AM,05:58 PM
32,2022/10/5,07:46 AM,05:44 PM
32,2022/10/20,08:17 AM,05:53 PM
32,2022/10/31,07:35 AM,05:33 PM
32,2022/11/3,08:29 AM,05:45 PM
32,2022/11/8,08:14 AM,05:46 PM
32,2022/11/18,07:48 AM,05:21 PM
32,2022/12/6,07:22 AM,06:21 PM
32,2022/12/23,07:10 AM,05:38 PM
32,2023/1/4,08:18 AM,06:13 PM
32,2023/1/12,07:25 AM,05:35 PM
32,2023/1/20,08:12 AM,06:07 PM
32,2023/2/2,07:27 AM,04:11 PM
32,2023/2/12,08:48 AM,05:29 PM
32,2023/2/14,07:52 AM,04:14 PM
32,2023/3/29,08:46 AM,05:18 PM
32,2023/4/3,07:10 AM,06:49 PM
32,2023/4/15,07:34 AM,06:19 PM
32,2023/4/16,07:48 AM,05:36 PM
32,2023/4/17,07:35 AM,06:35 PM
32,2023/4/30,07:10 AM,06:26 PM
33,2022/7/26,08:49 AM,05:17 PM
33,2022/6/10,08:08 AM,06:50 PM
33,2022/6/20,08:40 AM,06:35 PM
33,2022/6/22,08:52 AM,06:40 PM
33,2022/7/22,08:17 AM,06:31 PM
33,2022/7/24,07:22 AM,06:56 PM
33,2022/8/2,08:06 AM,05:28 PM
33,2022/8/7,07:46 AM,04:50 PM
33,2022/9/5,08:07 AM,06:23 PM
33,2022/9/21,07:27 AM,06:51 PM
33,2022/10/16,07:51 AM,06:51 PM
33,2022/11/3,08:22 AM,05:30 PM
33,2022/11/21,08:44 AM,06:03 PM
33,2022/11/26,08:01 AM,04:08 PM
33,2022/11/30,08:02 AM,04:02 PM
33,2022/12/13,08:25 AM,04:55 PM
33,2022/12/26,08:48 AM,04:42 PM
33,2022/12/30,08:51 AM,05:20 PM
33,2023/1/13,08:00 AM,05:55 PM
33,2023/1/24,08:32 AM,04:37 PM
33,2023/3/20,08:29 AM,06:10 PM
33,2023/3/21,08:16 AM,06:52 PM
33,2023/3/31,08:39 AM,04:28 PM
33,2023/4/8,08:12 AM,05:18 PM
33,2023/4/11,07:34 AM,04:05 PM
33,2023/5/24,07:08 AM,06:31 PM
34,2023/4/11,07:04 AM,04:27 PM
34,2022/5/29,07:25 AM,06:01 PM
34,2022/6/4,07:46 AM,04:47 PM
34,2022/6/30,08:53 AM,06:32 PM
34,2022/7/12,07:59 AM,04:41 PM
34,2022/8/14,08:52 AM,06:21 PM
34,2022/8/28,07:05 AM,05:37 PM
34,2022/8/31,08:43 AM,04:32 PM
34,2022/11/26,07:39 AM,05:02 PM
34,2022/12/13,08:44 AM,05:30 PM
34,2022/12/28,07:19 AM,04:39 PM
34,2023/1/7,07:07 AM,04:11 PM
34,2023/1/12,07:41 AM,06:14 PM
34,2023/2/15,08:25 AM,04:13 PM
34,2023/3/1,07:39 AM,04:57 PM
34,2023/3/5,07:02 AM,06:31 PM
34,2023/3/23,07:04 AM,06:43 PM
34,2023/3/26,08:30 AM,04:12 PM
34,2023/3/30,08:05 AM,06:08 PM
34,2023/3/31,08:22 AM,05:58 PM
34,2023/4/13,07:46 AM,05:04 PM
34,2023/4/21,07:48 AM,06:29 PM
35,2022/11/18,07:30 AM,04:51 PM
35,2022/5/30,07:03 AM,06:51 PM
35,2022/6/6,08:43 AM,04:06 PM
35,2022/6/7,07:01 AM,06:37 PM
35,2022/6/24,08:38 AM,06:19 PM
35,2022/6/29,07:34 AM,06:45 PM
35,2022/8/24,07:05 AM,04:31 PM
35,2022/9/10,07:28 AM,04:11 PM
35,2022/9/12,08:50 AM,04:35 PM
35,2022/9/13,07:15 AM,04:39 PM
35,2022/9/15,08:31 AM,04:35 PM
35,2022/9/19,07:18 AM,06:23 PM
35,2022/10/6,07:37 AM,04:57 PM
35,2022/10/15,08:58 AM,05:42 PM
35,2022/10/24,07:18 AM,05:24 PM
35,2022/10/28,07:15 AM,06:59 PM
35,2022/11/7,07:20 AM,04:36 PM
35,2022/11/8,07:29 AM,04:05 PM
35,2022/11/10,08:51 AM,06:52 PM
35,2022/11/24,07:29 AM,04:16 PM
35,2022/11/27,07:58 AM,06:26 PM
35,2022/12/6,07:46 AM,06:24 PM
35,2022/12/18,07:08 AM,04:20 PM
35,2022/12/26,08:36 AM,06:15 PM
35,2023/1/3,08:13 AM,05:45 PM
35,2023/1/9,08:37 AM,04:50 PM
35,2023/1/20,07:40 AM,05:06 PM
35,2023/2/3,07:10 AM,04:41 PM
35,2023/2/7,08:29 AM,05:38 PM
35,2023/2/14,08:02 AM,05:16 PM
35,2023/2/16,07:14 AM,04:28 PM
35,2023/3/7,07:39 AM,04:39 PM
35,2023/3/10,07:59 AM,04:13 PM
35,2023/3/30,08:56 AM,05:23 PM
35,2023/4/15,08:24 AM,04:01 PM
35,2023/4/28,08:38 AM,05:25 PM
35,2023/5/4,07:41 AM,04:01 PM
35,2023/5/9,07:08 AM,06:00 PM
35,2023/5/14,08:32 AM,04:39 PM
36,2022/9/12,07:10 AM,06:03 PM
36,2022/6/3,07:48 AM,04:00 PM
36,2022/6/5,08:47 AM,06:22 PM
36,2022/6/13,07:33 AM,06:57 PM
36,2022/6/21,08:07 AM,05:28 PM
36,2022/7/7,07:37 AM,05:36 PM
36,2022/7/21,08:16 AM,04:29 PM
36,2022/7/29,07:23 AM,04:33 PM
36,2022/8/9,07:39 AM,06:22 PM
36,2022/8/15,08:02 AM,04:41 PM
36,2022/9/2,08:24 AM,05:23 PM
36,2022/9/8,07:41 AM,04:46 PM
36,2022/9/30,08:51 AM,05:58 PM
36,2022/10/8,07:31 AM,04:40 PM
36,2022/10/9,07:28 AM,04:52 PM
36,2022/10/11,08:13 AM,06:00 PM
36,2022/12/14,08:03 AM,05:40 PM
36,2022/12/15,07:41 AM,06:18 PM
36,2022/12/22,08:58 AM,06:26 PM
36,2022/12/27,07:43 AM,04:04 PM
36,2023/1/1,08:40 AM,05:00 PM
36,2023/1/7,07:14 AM,05:00 PM
36,2023/1/10,07:44 AM,06:11 PM
36,2023/1/12,07:42 AM,05:35 PM
36,2023/1/31,08:49 AM,06:19 PM
36,2023/2/10,08:39 AM,05:25 PM
36,2023/2/11,08:07 AM,05:07 PM
36,2023/3/31,08:48 AM,06:55 PM
36,2023/4/17,08:19 AM,06:19 PM
36,2023/4/21,08:59 AM,04:52 PM
36,2023/5/2,08:51 AM,05:06 PM
36,2023/5/10,07:35 AM,06:44 PM
36,2023/5/17,08:58 AM,04:58 PM
37,2022/6/5,07:29 AM,06:23 PM
37,2023/1/4,07:03 AM,05:22 PM
37,2022/6/8,08:07 AM,04:38 PM
37,2022/6/10,07:26 AM,04:07 PM
37,2022/6/11,08:39 AM,04:19 PM
37,2022/7/4,08:43 AM,05:06 PM
37,2022/7/13,07:23 AM,05:26 PM
37,2022/7/15,08:14 AM,05:37 PM
37,2022/7/22,07:45 AM,06:42 PM
37,2022/8/7,08:05 AM,04:24 PM
37,2022/8/10,08:34 AM,06:40 PM
37,2022/8/13,08:22 AM,06:33 PM
37,2022/9/2,08:07 AM,06:23 PM
37,2022/9/20,08:47 AM,06:31 PM
37,2022/9/30,07:29 AM,04:00 PM
37,2022/10/15,08:55 AM,06:42 PM
37,2022/10/20,07:23 AM,06:39 PM
37,2022/10/30,08:46 AM,04:04 PM
37,2022/11/4,08:41 AM,06:44 PM
37,2022/11/15,08:26 AM,04:33 PM
37,2022/12/4,08:27 AM,05:15 PM
37,2022/12/5,07:29 AM,05:11 PM
37,2022/12/14,07:24 AM,04:11 PM
37,2023/1/6,07:34 AM,06:43 PM
37,2023/1/28,07:29 AM,05:41 PM
37,2023/1/29,08:11 AM,05:07 PM
37,2023/2/2,08:45 AM,05:19 PM
37,2023/2/8,07:51 AM,05:23 PM
37,2023/2/18,08:24 AM,06:37 PM
37,2023/3/22,08:32 AM,06:59 PM
37,2023/4/12,08:56 AM,05:36 PM
37,2023/4/16,08:35 AM,04:20 PM
37,2023/4/20,08:29 AM,06:23 PM
37,2023/5/9,08:42 AM,06:56 PM
37,2023/5/14,07:02 AM,05:10 PM
38,2023/3/13,08:38 AM,05:32 PM
38,2022/6/16,08:49 AM,05:29 PM
38,2022/7/3,07:40 AM,05:27 PM
38,2022/7/10,08:27 AM,04:55 PM
38,2022/7/22,08:35 AM,05:22 PM
38,2022/7/29,08:04 AM,05:56 PM
38,2022/8/1,07:50 AM,05:41 PM
38,2022/9/6,07:04 AM,04:07 PM
38,2022/9/9,07:53 AM,06:55 PM
38,2022/9/17,07:43 AM,05:30 PM
38,2022/10/5,07:01 AM,05:54 PM
38,2022/10/7,07:06 AM,04:53 PM
38,2022/11/13,08:23 AM,04:46 PM
38,2022/11/17,08:30 AM,04:01 PM
38,2022/12/3,08:34 AM,05:41 PM
38,2022/12/19,07:59 AM,05:21 PM
38,2023/1/2,08:16 AM,04:46 PM
38,2023/1/22,08:00 AM,04:35 PM
38,2023/1/29,07:15 AM,06:44 PM
38,2023/3/15,08:33 AM,06:00 PM
38,2023/3/30,08:50 AM,06:07 PM
38,2023/4/5,07:20 AM,05:12 PM
38,2023/4/6,08:08 AM,05:05 PM
38,2023/4/8,07:24 AM,05:37 PM
38,2023/4/13,07:18 AM,04:20 PM
38,2023/4/23,07:35 AM,06:01 PM
38,2023/4/26,08:07 AM,06:48 PM
38,2023/5/5,07:08 AM,05:10 PM
38,2023/5/24,07:28 AM,05:21 PM
39,2022/8/31,08:32 AM,04:29 PM
39,2023/1/17,07:14 AM,06:22 PM
39,2022/5/28,08:26 AM,05:16 PM
39,2022/6/9,07:01 AM,05:41 PM
39,2022/7/12,08:42 AM,05:53 PM
39,2022/7/26,08:29 AM,05:17 PM
39,2022/8/9,07:29 AM,05:59 PM
39,2022/8/10,08:30 AM,06:20 PM
39,2022/8/21,07:10 AM,04:54 PM
39,2022/9/1,07:36 AM,06:12 PM
39,2022/9/2,08:43 AM,06:23 PM
39,2022/9/15,08:42 AM,05:50 PM
39,2022/9/21,07:46 AM,06:35 PM
39,2022/11/3,08:42 AM,06:55 PM
39,2022/12/13,07:14 AM,06:20 PM
39,2022/12/27,08:06 AM,05:19 PM
39,2023/1/1,07:58 AM,05:23 PM
39,2023/1/15,07:49 AM,05:23 PM
39,2023/1/31,07:38 AM,06:37 PM
39,2023/2/28,08:29 AM,06:37 PM
39,2023/3/26,07:00 AM,04:59 PM
39,2023/4/29,07:41 AM,04:28 PM
39,2023/5/7,07:24 AM,06:55 PM
39,2023/5/24,08:17 AM,05:21 PM
40,2023/4/8,08:09 AM,04:15 PM
40,2022/7/8,07:13 AM,04:41 PM
40,2022/7/14,08:12 AM,06:08 PM
40,2022/8/3,08:01 AM,05:57 PM
40,2022/8/12,08:01 AM,05:10 PM
40,2022/8/17,07:18 AM,06:54 PM
40,2022/8/29,07:15 AM,04:53 PM
40,2022/9/13,08:38 AM,04:25 PM
40,2022/9/15,07:11 AM,06:07 PM
40,2022/10/15,07:40 AM,04:39 PM
40,2022/11/16,08:24 AM,05:30 PM
40,2022/12/17,08:59 AM,06:47 PM
40,2022/12/22,07:54 AM,05:08 PM
40,2023/1/12,07:28 AM,06:44 PM
40,2023/1/21,07:32 AM,06:50 PM
40,2023/1/24,07:32 AM,06:12 PM
40,2023/2/3,08:09 AM,06:55 PM
40,2023/2/11,08:59 AM,05:57 PM
40,2023/2/23,07:45 AM,04:20 PM
40,2023/3/6,07:33 AM,06:42 PM
40,2023/3/16,08:43 AM,04:55 PM
40,2023/4/7,07:36 AM,05:02 PM
40,2023/4/12,07:07 AM,06:23 PM
40,2023/4/16,07:51 AM,04:56 PM
40,2023/5/10,08:37 AM,04:47 PM
40,2023/5/14,07:20 AM,04:23 PM
40,2023/5/21,08:15 AM,04:41 PM
40,2023/5/22,07:16 AM,06:56 PM
41,2022/9/27,07:36 AM,04:29 PM
41,2023/2/23,07:44 AM,06:21 PM
41,2022/5/25,07:45 AM,05:03 PM
41,2022/5/31,07:27 AM,05:25 PM
41,2022/6/11,08:05 AM,04:52 PM
41,2022/6/14,07:27 AM,06:27 PM
41,2022/6/24,08:57 AM,05:28 PM
41,2022/7/12,07:54 AM,05:49 PM
41,2022/7/23,07:58 AM,06:57 PM
41,2022/7/26,08:15 AM,04:07 PM
41,2022/8/12,07:54 AM,05:55 PM
41,2022/8/17,08:14 AM,06:42 PM
41,2022/8/20,07:28 AM,04:31 PM
41,2022/8/21,08:39 AM,06:06 PM
41,2022/8/23,08:39 AM,04:06 PM
41,2022/9/13,08:56 AM,04:17 PM
41,2022/10/4,08:52 AM,05:06 PM
41,2022/10/5,08:56 AM,04:07 PM
41,2022/10/12,07:42 AM,04:07 PM
41,2022/10/13,07:57 AM,05:11 PM
41,2022/10/20,07:54 AM,05:57 PM
41,2022/10/21,08:34 AM,04:13 PM
41,2022/10/28,08:57 AM,06:22 PM
41,2022/10/30,07:43 AM,05:42 PM
41,2022/11/12,07:35 AM,05:26 PM
41,2022/12/25,08:54 AM,05:12 PM
41,2023/1/3,07:03 AM,05:03 PM
41,2023/1/4,07:48 AM,05:00 PM
41,2023/1/19,07:14 AM,05:52 PM
41,2023/1/21,07:41 AM,04:22 PM
41,2023/1/29,08:43 AM,04:39 PM
41,2023/2/7,08:08 AM,06:55 PM
41,2023/2/28,08:29 AM,05:10 PM
41,2023/3/25,08:47 AM,04:02 PM
41,2023/4/24,08:03 AM,04:28 PM
41,2023/5/8,07:02 AM,06:44 PM
41,2023/5/10,07:13 AM,04:09 PM
41,2023/5/13,08:37 AM,05:35 PM
41,2023/5/24,07:41 AM,06:29 PM
42,2022/5/31,08:16 AM,05:54 PM
42,2022/6/17,07:04 AM,06:34 PM
42,2022/6/18,07:27 AM,05:41 PM
42,2022/7/21,08:07 AM,06:33 PM
42,2022/8/11,07:51 AM,06:49 PM
42,2022/8/19,07:21 AM,04:20 PM
42,2022/8/22,08:38 AM,05:21 PM
42,2022/9/20,08:05 AM,06:41 PM
42,2022/9/22,07:54 AM,04:56 PM
42,2022/10/28,08:13 AM,04:11 PM
42,2022/11/27,08:54 AM,05:20 PM
42,2022/12/1,07:02 AM,05:34 PM
42,2022/12/2,07:20 AM,04:44 PM
42,2022/12/12,07:13 AM,05:20 PM
42,2022/12/23,08:38 AM,04:09 PM
42,2023/1/9,07:41 AM,05:18 PM
42,2023/1/15,07:45 AM,06:48 PM
42,2023/1/26,07:42 AM,05:13 PM
42,2023/1/28,08:14 AM,05:08 PM
42,2023/3/1,08:42 AM,05:18 PM
42,2023/3/15,07:39 AM,04:00 PM
42,2023/3/20,08:36 AM,04:30 PM
42,2023/4/6,08:42 AM,05:16 PM
42,2023/4/22,08:19 AM,04:47 PM
42,2023/5/10,08:28 AM,04:49 PM
42,2023/5/12,07:31 AM,05:22 PM
43,2022/10/7,07:42 AM,06:55 PM
43,2023/1/8,07:42 AM,05:53 PM
43,2022/5/25,08:44 AM,05:58 PM
43,2022/6/8,08:49 AM,05:05 PM
43,2022/6/9,08:03 AM,06:30 PM
43,2022/6/10,07:47 AM,04:48 PM
43,2022/7/8,07:18 AM,06:43 PM
43,2022/8/24,07:28 AM,05:37 PM
43,2022/9/5,08:55 AM,04:00 PM
43,2022/9/7,08:47 AM,05:34 PM
43,2022/9/19,07:36 AM,05:26 PM
43,2022/10/5,07:23 AM,06:18 PM
43,2022/10/17,08:10 AM,06:05 PM
43,2022/11/4,08:44 AM,05:06 PM
43,2022/11/6,08:58 AM,05:04 PM
43,2022/11/19,07:20 AM,04:16 PM
43,2022/11/23,08:00 AM,04:44 PM
43,2022/11/24,07:35 AM,04:45 PM
43,2022/11/27,08:52 AM,04:48 PM
43,2022/12/5,07:00 AM,04:31 PM
43,2022/12/21,07:33 AM,05:33 PM
43,2023/1/7,08:05 AM,04:24 PM
43,2023/1/13,07:54 AM,06:39 PM
43,2023/1/20,07:43 AM,04:38 PM
43,2023/1/22,08:26 AM,05:30 PM
43,2023/2/5,08:09 AM,06:14 PM
43,2023/2/10,08:55 AM,04:10 PM
43,2023/2/24,08:08 AM,04:16 PM
43,2023/3/2,08:08 AM,04:07 PM
43,2023/3/7,08:45 AM,05:17 PM
43,2023/3/25,07:38 AM,04:34 PM
43,2023/4/3,07:13 AM,04:33 PM
43,2023/4/28,08:32 AM,04:32 PM
43,2023/5/6,08:40 AM,06:00 PM
44,2023/2/14,07:56 AM,04:55 PM
44,2022/6/2,08:24 AM,05:09 PM
44,2022/6/24,07:42 AM,05:52 PM
44,2022/6/27,07:37 AM,04:22 PM
44,2022/7/11,07:56 AM,04:26 PM
44,2022/7/31,08:55 AM,05:14 PM
44,2022/8/9,08:23 AM,04:59 PM
44,2022/8/15,08:02 AM,05:33 PM
44,2022/8/19,07:36 AM,06:39 PM
44,2022/8/29,08:41 AM,05:53 PM
44,2022/9/6,08:15 AM,06:51 PM
44,2022/9/26,07:07 AM,06:38 PM
44,2022/9/30,08:02 AM,05:44 PM
44,2022/10/30,07:06 AM,04:05 PM
44,2022/11/4,07:20 AM,06:35 PM
44,2022/12/9,08:09 AM,04:48 PM
44,2022/12/17,07:33 AM,04:02 PM
44,2023/1/7,07:34 AM,06:00 PM
44,2023/1/11,08:06 AM,04:26 PM
44,2023/1/23,07:10 AM,04:18 PM
44,2023/2/1,07:22 AM,05:51 PM
44,2023/2/7,08:43 AM,05:10 PM
44,2023/2/9,08:34 AM,06:31 PM
44,2023/2/23,08:23 AM,05:37 PM
44,2023/2/25,07:19 AM,04:56 PM
44,2023/3/12,08:28 AM,06:34 PM
44,2023/3/23,08:18 AM,06:58 PM
44,2023/4/2,08:27 AM,06:28 PM
44,2023/4/7,08:26 AM,04:41 PM
44,2023/4/10,08:46 AM,04:18 PM
44,2023/4/21,07:11 AM,05:49 PM
44,2023/4/30,08:02 AM,06:32 PM
44,2023/5/5,07:00 AM,04:57 PM
44,2023/5/9,08:47 AM,06:39 PM
44,2023/5/20,08:16 AM,04:31 PM
45,2023/3/9,07:32 AM,05:30 PM
45,2022/5/29,07:55 AM,05:36 PM
45,2022/6/6,07:17 AM,05:38 PM
45,2022/6/14,08:53 AM,04:56 PM
45,2022/6/17,07:07 AM,04:58 PM
45,2022/7/12,08:22 AM,04:50 PM
45,2022/7/15,07:57 AM,05:56 PM
45,2022/8/3,08:16 AM,05:48 PM
45,2022/8/4,08:17 AM,05:41 PM
45,2022/8/22,07:25 AM,04:42 PM
45,2022/8/27,08:40 AM,04:49 PM
45,2022/9/21,08:47 AM,04:13 PM
45,2022/10/2,08:27 AM,04:24 PM
45,2022/10/11,07:22 AM,04:21 PM
45,2022/10/12,07:12 AM,06:23 PM
45,2022/11/8,07:07 AM,06:29 PM
45,2022/11/17,08:39 AM,05:07 PM
45,2022/11/22,08:41 AM,06:11 PM
45,2022/12/3,08:00 AM,04:27 PM
45,2023/1/7,07:42 AM,06:19 PM
45,2023/1/24,07:41 AM,05:11 PM
45,2023/4/4,07:51 AM,06:43 PM
45,2023/4/20,08:08 AM,05:01 PM
45,2023/4/26,08:56 AM,06:09 PM
45,2023/5/17,08:25 AM,05:23 PM
45,2023/5/21,07:33 AM,04:34 PM
46,2023/1/21,08:04 AM,05:19 PM
46,2023/2/17,07:50 AM,05:25 PM
46,2022/5/30,08:14 AM,05:26 PM
46,2022/6/14,08:42 AM,04:23 PM
46,2022/6/20,08:44 AM,05:14 PM
46,2022/7/5,07:38 AM,04:03 PM
46,2022/8/2,07:39 AM,04:33 PM
46,2022/8/12,07:31 AM,05:32 PM
46,2022/8/22,08:02 AM,05:37 PM
46,2022/9/3,08:39 AM,06:47 PM
46,2022/9/28,08:43 AM,04:39 PM
46,2022/10/21,08:43 AM,05:21 PM
46,2022/11/16,07:24 AM,05:27 PM
46,2022/11/27,07:59 AM,05:32 PM
46,2022/12/5,07:19 AM,06:01 PM
46,2022/12/31,08:39 AM,06:48 PM
46,2023/1/2,07:15 AM,06:22 PM
46,2023/2/5,08:12 AM,06:13 PM
46,2023/2/23,08:33 AM,06:37 PM
46,2023/3/8,07:44 AM,04:19 PM
46,2023/3/9,07:46 AM,04:50 PM
46,2023/3/26,07:45 AM,05:55 PM
46,2023/3/27,08:59 AM,06:10 PM
46,2023/4/5,08:20 AM,05:29 PM
46,2023/4/20,07:59 AM,04:23 PM
46,2023/4/27,07:43 AM,06:51 PM
46,2023/5/13,08:11 AM,05:24 PM
46,2023/5/21,07:21 AM,06:46 PM
47,2022/12/4,07:54 AM,05:06 PM
47,2023/4/15,07:26 AM,04:28 PM
47,2022/6/20,08:25 AM,06:48 PM
47,2022/7/7,08:41 AM,05:28 PM
47,2022/7/8,08:51 AM,06:37 PM
47,2022/8/12,07:36 AM,04:49 PM
47,2022/8/19,08:33 AM,05:37 PM
47,2022/8/29,08:19 AM,04:17 PM
47,2022/9/24,08:49 AM,05:16 PM
47,2022/9/30,07:55 AM,04:46 PM
47,2022/10/1,08:04 AM,06:03 PM
47,2022/10/2,07:41 AM,05:45 PM
47,2022/10/21,08:56 AM,04:48 PM
47,2022/11/9,08:34 AM,06:35 PM
47,2022/11/14,08:29 AM,05:20 PM
47,2023/2/2,08:58 AM,04:25 PM
47,2023/2/7,08:58 AM,05:51 PM
47,2023/2/12,08:42 AM,05:04 PM
47,2023/2/13,07:20 AM,05:19 PM
47,2023/2/20,07:25 AM,04:57 PM
47,2023/2/24,07:26 AM,06:26 PM
47,2023/2/27,07:32 AM,04:42 PM
47,2023/3/16,07:50 AM,04:12 PM
47,2023/3/23,07:22 AM,05:48 PM
47,2023/4/9,07:10 AM,04:16 PM
47,2023/4/11,07:46 AM,06:48 PM
48,2023/5/17,07:33 AM,05:54 PM
48,2022/5/30,08:49 AM,06:36 PM
48,2022/6/11,08:30 AM,04:03 PM
48,2022/6/22,08:44 AM,05:51 PM
48,2022/6/27,08:23 AM,06:31 PM
48,2022/7/1,08:02 AM,05:45 PM
48,2022/7/8,08:13 AM,04:50 PM
48,2022/7/25,08:19 AM,06:18 PM
48,2022/8/2,07:00 AM,06:49 PM
48,2022/8/4,07:05 AM,06:45 PM
48,2022/8/28,08:33 AM,06:39 PM
48,2022/9/25,08:26 AM,06:23 PM
48,2022/10/8,08:43 AM,05:52 PM
48,2022/11/5,08:34 AM,06:04 PM
48,2022/11/13,08:52 AM,04:47 PM
48,2022/11/23,07:54 AM,05:11 PM
48,2022/12/4,07:42 AM,04:41 PM
48,2022/12/9,08:55 AM,06:18 PM
48,2022/12/18,08:12 AM,06:46 PM
48,2022/12/19,08:20 AM,05:55 PM
48,2023/1/5,07:07 AM,05:02 PM
48,2023/1/9,08:57 AM,06:15 PM
48,2023/1/10,08:56 AM,05:39 PM
48,2023/1/14,07:47 AM,05:52 PM
48,2023/1/16,07:43 AM,05:51 PM
48,2023/2/6,08:03 AM,06:50 PM
48,2023/2/13,08:13 AM,06:05 PM
48,2023/2/16,07:49 AM,05:22 PM
48,2023/2/20,08:58 AM,05:26 PM
48,2023/3/9,07:38 AM,06:22 PM
48,2023/3/25,07:03 AM,04:40 PM
48,2023/4/5,08:08 AM,04:09 PM
48,2023/4/7,08:52 AM,06:51 PM
48,2023/4/10,08:23 AM,04:09 PM
48,2023/4/21,07:12 AM,05:05 PM
48,2023/4/23,07:29 AM,05:57 PM
48,2023/5/3,08:56 AM,06:18 PM
48,2023/5/16,07:30 AM,06:10 PM
49,2022/6/15,07:41 AM,05:35 PM
49,2022/6/29,07:00 AM,05:02 PM
49,2022/7/7,08:12 AM,06:07 PM
49,2022/7/30,07:36 AM,05:24 PM
49,2022/8/20,07:35 AM,06:28 PM
49,2022/8/30,08:04 AM,05:28 PM
49,2022/9/6,08:35 AM,06:01 PM
49,2022/9/16,08:09 AM,05:40 PM
49,2022/9/19,08:16 AM,06:04 PM
49,2022/9/21,07:03 AM,06:44 PM
49,2022/10/22,08:22 AM,06:50 PM
49,2022/10/29,07:51 AM,04:20 PM
49,2022/11/10,07:17 AM,06:02 PM
49,2022/11/16,08:51 AM,06:04 PM
49,2022/12/19,07:20 AM,06:05 PM
49,2022/12/25,07:52 AM,05:47 PM
49,2022/12/30,08:41 AM,04:11 PM
49,2023/1/17,07:47 AM,06:42 PM
49,2023/1/24,08:40 AM,04:20 PM
49,2023/1/29,07:41 AM,05:25 PM
49,2023/2/19,07:14 AM,04:19 PM
49,2023/2/22,08:24 AM,04:00 PM
49,2023/3/1,07:58 AM,06:37 PM
49,2023/3/8,08:12 AM,04:34 PM
49,2023/3/11,08:21 AM,05:20 PM
49,2023/3/18,08:39 AM,04:26 PM
49,2023/3/31,07:45 AM,04:27 PM
49,2023/4/27,08:03 AM,06:00 PM
49,2023/5/3,08:08 AM,06:36 PM
49,2023/5/13,08:55 AM,06:43 PM
49,2023/5/20,08:22 AM,04:08 PM
50,2023/1/1,07:45 AM,05:37 PM
50,2022/5/25,07:46 AM,05:31 PM
50,2022/7/3,08:27 AM,06:43 PM
50,2022/8/6,07:06 AM,06:41 PM
50,2022/8/13,07:56 AM,06:24 PM
50,2022/8/16,07:13 AM,05:47 PM
50,2022/8/17,08:41 AM,04:03 PM
50,2022/9/20,08:40 AM,04:33 PM
50,2022/9/25,07:49 AM,06:47 PM
50,2022/10/30,07:26 AM,04:11 PM
50,2022/11/4,07:34 AM,05:55 PM
50,2022/11/14,07:17 AM,05:49 PM
50,2022/12/1,08:36 AM,04:42 PM
50,2022/12/24,07:35 AM,05:31 PM
50,2022/12/29,07:54 AM,06:20 PM
50,2023/1/2,08:34 AM,05:18 PM
50,2023/1/12,08:48 AM,06:05 PM
50,2023/2/8,08:55 AM,05:46 PM
50,2023/2/25,07:51 AM,06:45 PM
50,2023/2/27,07:53 AM,06:21 PM
50,2023/3/2,08:45 AM,06:54 PM
50,2023/3/4,08:52 AM,05:11 PM
50,2023/3/14,08:47 AM,06:20 PM
50,2023/4/8,08:37 AM,04:57 PM
50,2023/4/10,07:05 AM,05:07 PM
50,2023/4/20,07:08 AM,06:05 PM
50,2023/5/7,07:57 AM,05:44 PM
50,2023/5/11,08:42 AM,06:59 PM
50,2023/5/16,07:54 AM,06:30 PM
51,2022/6/5,07:35 AM,06:25 PM
51,2022/11/1,07:25 AM,06:05 PM
51,2022/5/30,08:38 AM,05:16 PM
51,2022/6/29,07:15 AM,05:23 PM
51,2022/7/14,08:40 AM,04:51 PM
51,2022/7/21,07:48 AM,04:39 PM
51,2022/7/31,08:26 AM,04:02 PM
51,2022/8/2,08:23 AM,06:10 PM
51,2022/8/3,07:00 AM,04:47 PM
51,2022/8/5,07:39 AM,05:33 PM
51,2022/8/6,08:40 AM,06:06 PM
51,2022/8/10,07:15 AM,06:03 PM
51,2022/8/11,08:13 AM,06:17 PM
51,2022/9/3,08:41 AM,05:12 PM
51,2022/9/10,07:32 AM,05:12 PM
51,2022/9/19,08:39 AM,05:15 PM
51,2022/10/11,07:50 AM,05:21 PM
51,2022/10/18,07:15 AM,06:13 PM
51,2022/10/23,08:51 AM,04:11 PM
51,2022/11/30,07:35 AM,05:48 PM
51,2022/12/6,07:22 AM,06:33 PM
51,2022/12/9,08:46 AM,04:17 PM
51,2022/12/11,07:05 AM,06:20 PM
51,2022/12/26,08:48 AM,06:11 PM
51,2023/2/10,08:22 AM,04:07 PM
51,2023/2/14,08:12 AM,04:09 PM
51,2023/2/20,07:46 AM,06:20 PM
51,2023/2/23,07:18 AM,06:49 PM
51,2023/3/10,08:43 AM,06:35 PM
51,2023/3/15,07:25 AM,04:13 PM
51,2023/3/19,08:32 AM,06:34 PM
51,2023/4/2,07:22 AM,04:25 PM
51,2023/5/11,07:08 AM,06:36 PM
51,2023/5/24,08:41 AM,04:31 PM
52,2022/6/13,07:17 AM,05:27 PM
52,2022/6/21,07:53 AM,05:31 PM
52,2022/6/25,08:22 AM,06:49 PM
52,2022/8/21,07:36 AM,06:07 PM
52,2022/10/25,07:31 AM,04:17 PM
52,2022/10/27,08:37 AM,04:08 PM
52,2022/11/3,07:22 AM,05:08 PM
52,2022/12/4,07:28 AM,04:32 PM
52,2022/12/6,08:08 AM,05:58 PM
52,2022/12/10,08:51 AM,04:34 PM
52,2022/12/20,07:49 AM,05:17 PM
52,2022/12/23,07:36 AM,06:51 PM
52,2022/12/26,07:39 AM,06:31 PM
52,2023/1/22,08:20 AM,06:30 PM
52,2023/2/3,07:08 AM,05:39 PM
52,2023/2/4,07:39 AM,04:10 PM
52,2023/2/27,07:40 AM,06:43 PM
52,2023/3/31,07:11 AM,06:33 PM
52,2023/5/2,07:52 AM,04:52 PM
52,2023/5/6,07:10 AM,04:23 PM
53,2022/12/15,08:40 AM,04:26 PM
53,2022/5/31,08:29 AM,05:44 PM
53,2022/6/20,08:48 AM,04:27 PM
53,2022/6/22,08:04 AM,05:12 PM
53,2022/7/5,07:08 AM,05:44 PM
53,2022/7/22,07:58 AM,06:01 PM
53,2022/8/3,08:01 AM,05:38 PM
53,2022/8/20,07:45 AM,05:16 PM
53,2022/8/26,08:28 AM,06:22 PM
53,2022/9/1,07:22 AM,05:02 PM
53,2022/9/2,08:22 AM,05:19 PM
53,2022/9/16,07:46 AM,05:32 PM
53,2022/9/28,07:48 AM,06:35 PM
53,2022/10/1,07:12 AM,05:36 PM
53,2022/10/8,07:05 AM,05:46 PM
53,2022/10/9,07:25 AM,05:20 PM
53,2022/10/13,08:28 AM,04:51 PM
53,2022/10/25,07:15 AM,06:05 PM
53,2022/10/29,07:57 AM,06:20 PM
53,2022/11/3,08:49 AM,05:16 PM
53,2022/11/9,07:36 AM,04:53 PM
53,2022/11/19,08:35 AM,04:05 PM
53,2022/12/9,07:29 AM,04:49 PM
53,2022/12/20,07:39 AM,05:45 PM
53,2022/12/26,08:10 AM,06:26 PM
53,2023/1/15,07:48 AM,06:26 PM
53,2023/1/29,07:06 AM,05:48 PM
53,2023/1/30,08:56 AM,04:45 PM
53,2023/2/8,07:21 AM,04:38 PM
53,2023/2/18,08:04 AM,04:48 PM
53,2023/2/26,08:13 AM,06:07 PM
53,2023/2/28,07:55 AM,06:47 PM
53,2023/3/6,07:14 AM,06:41 PM
53,2023/3/10,07:06 AM,04:34 PM
53,2023/3/11,07:30 AM,06:26 PM
53,2023/3/16,07:20 AM,04:08 PM
53,2023/3/27,07:35 AM,05:07 PM
53,2023/3/31,08:15 AM,05:12 PM
53,2023/5/12,07:32 AM,06:59 PM
54,2022/10/11,08:30 AM,05:51 PM
54,2022/6/2,08:56 AM,06:02 PM
54,2022/6/30,07:34 AM,05:39 PM
54,2022/7/14,08:53 AM,06:24 PM
54,2022/7/30,08:02 AM,05:54 PM
54,2022/8/20,07:10 AM,04:21 PM
54,2022/9/1,08:57 AM,04:02 PM
54,2022/9/2,08:36 AM,05:45 PM
54,2022/9/8,07:54 AM,04:34 PM
54,2022/9/20,07:51 AM,04:27 PM
54,2022/9/25,08:59 AM,05:18 PM
54,2022/10/7,07:19 AM,06:14 PM
54,2022/10/12,08:37 AM,05:06 PM
54,2022/10/17,07:46 AM,06:37 PM
54,2022/10/19,07:04 AM,05:49 PM
54,2022/10/26,07:31 AM,04:46 PM
54,2022/11/14,08:49 AM,05:59 PM
54,2022/12/13,07:06 AM,04:40 PM
54,2022/12/22,08:58 AM,05:16 PM
54,2023/1/13,08:27 AM,05:46 PM
54,2023/1/14,08:46 AM,05:39 PM
54,2023/2/20,08:02 AM,06:06 PM
54,2023/3/5,07:04 AM,05:09 PM
54,2023/3/19,08:43 AM,05:02 PM
54,2023/3/28,07:33 AM,06:36 PM
54,2023/4/5,07:00 AM,06:09 PM
54,2023/4/6,07:31 AM,04:17 PM
54,2023/4/8,07:15 AM,06:52 PM
54,2023/4/21,08:25 AM,04:17 PM
54,2023/5/4,07:11 AM,06:49 PM
55,2022/8/14,08:53 AM,04:46 PM
55,2022/6/17,07:59 AM,04:45 PM
55,2022/7/10,08:58 AM,04:18 PM
55,2022/7/12,07:12 AM,06:32 PM
55,2022/8/6,07:57 AM,06:38 PM
55,2022/8/24,07:31 AM,06:57 PM
55,2022/9/4,07:16 AM,04:42 PM
55,2022/9/7,07:52 AM,05:32 PM
55,2022/9/27,07:54 AM,04:58 PM
55,2022/10/14,08:42 AM,04:58 PM
55,2022/11/5,07:08 AM,06:22 PM
55,2022/11/30,08:41 AM,06:53 PM
55,2022/12/7,08:32 AM,05:52 PM
55,2022/12/17,08:52 AM,04:16 PM
55,2022/12/24,07:56 AM,04:25 PM
55,2022/12/26,08:03 AM,06:39 PM
55,2022/12/28,08:49 AM,04:34 PM
55,2023/1/16,07:17 AM,04:51 PM
55,2023/1/25,08:49 AM,06:42 PM
55,2023/3/9,08:43 AM,06:00 PM
55,2023/3/11,08:00 AM,06:44 PM
55,2023/3/13,07:43 AM,05:15 PM
55,2023/3/24,08:23 AM,05:11 PM
55,2023/4/17,07:40 AM,04:27 PM
55,2023/5/3,08:48 AM,05:45 PM
55,2023/5/5,08:16 AM,06:23 PM
56,2023/4/29,07:40 AM,04:00 PM
56,2022/7/16,08:07 AM,06:16 PM
56,2022/8/16,08:12 AM,04:28 PM
56,2022/9/11,07:34 AM,04:49 PM
56,2022/9/26,08:49 AM,05:59 PM
56,2022/10/11,08:49 AM,05:37 PM
56,2022/11/1,08:59 AM,04:06 PM
56,2022/11/9,08:42 AM,04:29 PM
56,2022/11/14,08:20 AM,06:39 PM
56,2022/11/20,08:15 AM,06:12 PM
56,2022/12/1,07:12 AM,06:42 PM
56,2022/12/9,08:45 AM,06:14 PM
56,2022/12/25,08:00 AM,06:59 PM
56,2023/1/6,08:54 AM,06:13 PM
56,2023/1/15,07:01 AM,04:30 PM
56,2023/1/17,07:16 AM,06:46 PM
56,2023/2/8,08:33 AM,05:14 PM
56,2023/2/10,08:06 AM,05:25 PM
56,2023/3/3,07:06 AM,05:01 PM
56,2023/4/21,07:28 AM,04:38 PM
56,2023/5/4,08:55 AM,04:16 PM
56,2023/5/9,08:05 AM,05:06 PM
57,2022/7/2,07:09 AM,04:27 PM
57,2022/6/27,08:25 AM,04:49 PM
57,2022/8/5,08:17 AM,04:22 PM
57,2022/8/11,08:07 AM,06:42 PM
57,2022/8/28,07:54 AM,04:04 PM
57,2022/9/14,08:31 AM,06:40 PM
57,2022/9/16,08:57 AM,04:48 PM
57,2022/10/3,08:45 AM,04:18 PM
57,2022/10/4,07:54 AM,05:52 PM
57,2022/10/6,07:12 AM,05:10 PM
57,2022/10/19,08:19 AM,05:46 PM
57,2022/10/29,07:08 AM,05:39 PM
57,2022/11/4,07:20 AM,05:01 PM
57,2022/11/16,07:31 AM,05:09 PM
57,2022/12/9,07:04 AM,05:22 PM
57,2022/12/25,07:40 AM,04:45 PM
57,2022/12/31,07:34 AM,04:25 PM
57,2023/1/11,08:19 AM,04:09 PM
57,2023/1/13,08:30 AM,05:44 PM
57,2023/1/15,07:23 AM,04:39 PM
57,2023/1/24,07:47 AM,04:39 PM
57,2023/2/10,08:30 AM,04:03 PM
57,2023/2/25,08:43 AM,05:26 PM
57,2023/3/20,07:56 AM,05:12 PM
57,2023/3/27,07:25 AM,05:38 PM
57,2023/4/11,08:37 AM,06:49 PM
57,2023/4/21,08:49 AM,05:01 PM
57,2023/4/27,08:35 AM,06:45 PM
57,2023/4/30,08:52 AM,06:34 PM
58,2022/6/2,07:02 AM,05:57 PM
58,2022/6/29,08:25 AM,06:35 PM
58,2022/6/30,07:39 AM,05:53 PM
58,2022/7/18,07:07 AM,06:47 PM
58,2022/7/22,08:47 AM,04:06 PM
58,2022/8/3,08:59 AM,05:47 PM
58,2022/9/5,08:27 AM,06:36 PM
58,2022/9/17,07:38 AM,05:03 PM
58,2022/10/15,08:23 AM,06:45 PM
58,2022/10/24,08:28 AM,06:04 PM
58,2022/11/5,07:47 AM,05:32 PM
58,2022/12/12,08:20 AM,05:23 PM
58,2022/12/21,07:37 AM,04:25 PM
58,2023/1/9,08:56 AM,06:02 PM
58,2023/1/11,07:43 AM,04:58 PM
58,2023/1/16,08:26 AM,05:18 PM
58,2023/2/7,07:12 AM,06:58 PM
58,2023/3/7,08:29 AM,04:51 PM
58,2023/3/9,07:55 AM,06:13 PM
58,2023/3/24,07:18 AM,05:12 PM
58,2023/3/25,08:41 AM,06:00 PM
58,2023/4/9,08:29 AM,04:34 PM
58,2023/4/20,07:18 AM,05:17 PM
58,2023/4/27,08:48 AM,04:20 PM
58,2023/5/5,08:57 AM,05:24 PM
58,2023/5/16,07:40 AM,05:44 PM
58,2023/5/20,07:33 AM,05:43 PM
59,2022/8/6,07:39 AM,04:52 PM
59,2022/9/11,08:39 AM,05:14 PM
59,2023/3/20,07:07 AM,04:10 PM
59,2022/5/29,07:22 AM,06:12 PM
59,2022/6/1,08:03 AM,06:37 PM
59,2022/6/17,07:51 AM,06:32 PM
59,2022/7/1,07:15 AM,04:26 PM
59,2022/8/2,07:25 AM,06:10 PM
59,2022/8/17,08:21 AM,04:51 PM
59,2022/8/18,08:22 AM,04:27 PM
59,2022/10/16,07:31 AM,05:45 PM
59,2022/11/9,07:28 AM,06:25 PM
59,2022/11/10,08:35 AM,06:51 PM
59,2022/11/19,08:37 AM,05:10 PM
59,2022/11/25,07:16 AM,05:01 PM
59,2022/12/7,07:09 AM,04:45 PM
59,2022/12/17,07:03 AM,04:35 PM
59,2022/12/28,07:58 AM,06:22 PM
59,2023/1/1,07:16 AM,06:58 PM
59,2023/1/11,08:37 AM,04:59 PM
59,2023/1/16,08:22 AM,06:13 PM
59,2023/1/29,08:50 AM,05:42 PM
59,2023/1/31,07:38 AM,04:19 PM
59,2023/2/6,08:04 AM,06:25 PM
59,2023/2/9,08:11 AM,05:48 PM
59,2023/3/12,07:58 AM,06:54 PM
59,2023/4/4,08:08 AM,04:16 PM
59,2023/4/11,08:19 AM,04:34 PM
59,2023/4/23,07:36 AM,05:47 PM
59,2023/4/28,08:01 AM,05:51 PM
60,2022/6/2,07:12 AM,05:49 PM
60,2023/3/14,07:34 AM,05:15 PM
60,2022/7/21,07:08 AM,06:02 PM
60,2022/7/25,07:53 AM,06:35 PM
60,2022/8/7,07:44 AM,04:07 PM
60,2022/8/12,07:32 AM,04:17 PM
60,2022/8/14,07:01 AM,05:11 PM
60,2022/8/22,07:58 AM,05:53 PM
60,2022/9/9,08:57 AM,05:28 PM
60,2022/9/15,08:48 AM,05:32 PM
60,2022/9/23,07:12 AM,06:28 PM
60,2022/9/29,08:56 AM,06:23 PM
60,2022/10/8,07:47 AM,04:03 PM
60,2022/10/9,08:58 AM,06:05 PM
60,2022/10/19,07:42 AM,06:40 PM
60,2022/11/6,08:17 AM,04:03 PM
60,2022/11/10,07:46 AM,06:39 PM
60,2022/11/16,07:37 AM,05:24 PM
60,2022/12/21,07:51 AM,06:07 PM
60,2022/12/30,07:14 AM,05:25 PM
60,2023/2/7,08:06 AM,05:04 PM
60,2023/2/23,08:59 AM,05:44 PM
60,2023/2/27,07:28 AM,05:38 PM
60,2023/3/15,07:39 AM,06:15 PM
60,2023/3/17,08:06 AM,05:02 PM
60,2023/3/25,07:54 AM,04:16 PM
60,2023/4/3,08:57 AM,05:04 PM
60,2023/4/8,08:35 AM,05:27 PM
60,2023/5/8,08:27 AM,04:05 PM
60,2023/5/16,07:25 AM,06:12 PM
61,2022/6/10,08:35 AM,06:13 PM
61,2022/8/13,08:45 AM,06:44 PM
61,2022/8/31,07:44 AM,06:22 PM
61,2022/6/8,07:23 AM,06:38 PM
61,2022/6/14,08:58 AM,04:00 PM
61,2022/6/16,08:36 AM,05:24 PM
61,2022/6/17,07:29 AM,04:44 PM
61,2022/6/27,08:22 AM,06:17 PM
61,2022/7/9,08:59 AM,06:43 PM
61,2022/7/16,07:37 AM,06:16 PM
61,2022/7/18,08:02 AM,05:53 PM
61,2022/7/27,07:24 AM,05:24 PM
61,2022/9/4,07:57 AM,06:45 PM
61,2022/9/13,08:11 AM,06:16 PM
61,2022/9/29,08:49 AM,04:30 PM
61,2022/10/20,08:39 AM,04:02 PM
61,2022/11/20,08:39 AM,06:37 PM
61,2022/11/28,08:31 AM,06:17 PM
61,2022/12/8,07:49 AM,06:12 PM
61,2022/12/14,08:39 AM,04:18 PM
61,2022/12/15,08:44 AM,05:43 PM
61,2022/12/30,07:41 AM,04:40 PM
61,2023/1/5,07:22 AM,05:29 PM
61,2023/1/19,07:21 AM,05:35 PM
61,2023/1/25,08:25 AM,05:49 PM
61,2023/2/22,08:28 AM,05:33 PM
61,2023/3/6,08:54 AM,06:48 PM
61,2023/3/30,07:51 AM,04:15 PM
61,2023/4/2,07:07 AM,06:19 PM
61,2023/4/20,07:58 AM,05:21 PM
61,2023/5/9,07:14 AM,06:17 PM
62,2022/5/30,08:29 AM,04:38 PM
62,2022/5/31,08:04 AM,06:47 PM
62,2022/6/1,07:06 AM,06:09 PM
62,2022/6/17,07:58 AM,05:04 PM
62,2022/6/27,08:30 AM,06:32 PM
62,2022/7/4,08:57 AM,05:13 PM
62,2022/7/9,08:07 AM,05:31 PM
62,2022/7/13,08:07 AM,04:14 PM
62,2022/7/21,08:21 AM,06:44 PM
62,2022/8/2,08:00 AM,05:35 PM
62,2022/8/3,07:54 AM,05:56 PM
62,2022/8/9,08:22 AM,05:18 PM
62,2022/8/23,08:36 AM,05:40 PM
62,2022/9/7,08:39 AM,05:17 PM
62,2022/9/15,08:38 AM,05:25 PM
62,2022/9/23,08:32 AM,05:24 PM
62,2022/9/27,08:04 AM,05:42 PM
62,2022/11/15,07:40 AM,04:36 PM
62,2022/11/27,08:02 AM,04:34 PM
62,2022/12/5,07:40 AM,05:18 PM
62,2022/12/29,07:05 AM,04:54 PM
62,2022/12/30,07:22 AM,05:27 PM
62,2023/1/4,07:31 AM,05:45 PM
62,2023/1/12,08:37 AM,04:08 PM
62,2023/1/23,07:39 AM,05:17 PM
62,2023/2/22,07:43 AM,06:02 PM
62,2023/2/26,08:17 AM,05:20 PM
62,2023/3/12,07:49 AM,05:15 PM
62,2023/3/16,08:44 AM,04:37 PM
62,2023/3/26,08:23 AM,06:20 PM
62,2023/3/29,08:15 AM,06:42 PM
62,2023/4/5,08:58 AM,05:07 PM
62,2023/4/13,07:39 AM,05:33 PM
62,2023/4/22,07:44 AM,06:58 PM
62,2023/5/7,08:36 AM,06:22 PM
62,2023/5/10,07:47 AM,06:33 PM
62,2023/5/11,07:08 AM,06:55 PM
62,2023/5/23,07:51 AM,06:52 PM
63,2022/5/25,07:06 AM,06:39 PM
63,2022/6/3,07:09 AM,06:19 PM
63,2022/6/20,08:24 AM,06:55 PM
63,2022/7/8,07:36 AM,06:10 PM
63,2022/7/23,07:56 AM,05:36 PM
63,2022/7/28,07:43 AM,04:25 PM
63,2022/8/1,08:21 AM,04:16 PM
63,2022/8/2,07:14 AM,06:16 PM
63,2022/8/7,08:10 AM,06:35 PM
63,2022/8/20,08:11 AM,04:02 PM
63,2022/8/31,08:00 AM,05:00 PM
63,2022/9/12,07:53 AM,04:54 PM
63,2022/9/14,08:46 AM,05:51 PM
63,2022/9/17,08:04 AM,05:51 PM
63,2022/9/19,07:21 AM,06:04 PM
63,2022/9/29,08:27 AM,04:26 PM
63,2022/10/7,07:04 AM,06:48 PM
63,2022/10/10,08:25 AM,06:49 PM
63,2022/10/14,07:14 AM,04:02 PM
63,2022/10/20,07:23 AM,04:08 PM
63,2022/10/31,07:53 AM,05:22 PM
63,2022/11/5,07:00 AM,06:11 PM
63,2022/11/11,07:54 AM,06:01 PM
63,2022/12/1,07:56 AM,06:50 PM
63,2023/1/9,07:32 AM,05:59 PM
63,2023/1/12,07:15 AM,04:03 PM
63,2023/2/20,07:54 AM,04:42 PM
63,2023/2/27,07:42 AM,04:06 PM
63,2023/3/5,08:31 AM,04:05 PM
63,2023/4/2,07:03 AM,04:21 PM
63,2023/4/18,07:50 AM,04:05 PM
63,2023/4/19,07:52 AM,06:01 PM
63,2023/4/30,08:33 AM,05:46 PM
63,2023/5/4,07:56 AM,06:59 PM
63,2023/5/17,08:02 AM,04:33 PM
64,2022/6/13,07:15 AM,05:36 PM
64,2022/7/9,07:11 AM,04:56 PM
64,2022/7/23,07:05 AM,05:55 PM
64,2022/8/27,07:43 AM,06:27 PM
64,2022/9/13,08:43 AM,05:49 PM
64,2022/9/29,08:18 AM,06:02 PM
64,2022/10/1,08:05 AM,04:58 PM
64,2022/10/3,07:25 AM,04:08 PM
64,2022/10/8,07:54 AM,04:34 PM
64,2022/10/14,07:20 AM,06:07 PM
64,2022/11/9,08:06 AM,06:13 PM
64,2022/12/3,08:32 AM,04:01 PM
64,2022/12/27,08:34 AM,06:19 PM
64,2022/12/29,08:06 AM,05:15 PM
64,2023/1/29,07:25 AM,06:42 PM
64,2023/3/11,08:02 AM,06:39 PM
64,2023/3/23,07:20 AM,04:00 PM
64,2023/3/31,08:02 AM,04:37 PM
64,2023/4/8,07:40 AM,06:35 PM
64,2023/4/16,08:05 AM,05:48 PM
64,2023/4/27,08:37 AM,04:18 PM
64,2023/5/16,08:20 AM,04:09 PM
65,2022/8/7,08:49 AM,06:55 PM
65,2022/9/2,07:22 AM,04:43 PM
65,2022/10/7,08:09 AM,06:34 PM
65,2022/11/1,08:51 AM,04:23 PM
65,2022/11/11,07:08 AM,06:41 PM
65,2022/11/23,07:37 AM,04:44 PM
65,2022/12/28,07:51 AM,05:44 PM
65,2023/1/11,08:33 AM,05:03 PM
65,2023/1/14,08:47 AM,04:22 PM
65,2023/1/26,07:47 AM,05:22 PM
65,2023/1/27,08:27 AM,06:36 PM
65,2023/3/8,08:25 AM,05:41 PM
65,2023/3/26,07:53 AM,06:48 PM
65,2023/4/6,08:27 AM,05:56 PM
65,2023/4/7,07:41 AM,04:02 PM
65,2023/4/18,08:45 AM,05:23 PM
65,2023/4/22,08:39 AM,04:12 PM
65,2023/4/26,07:06 AM,06:05 PM
65,2023/5/8,07:36 AM,06:55 PM
66,2022/10/19,07:03 AM,06:53 PM
66,2023/3/27,08:13 AM,05:03 PM
66,2022/5/30,08:11 AM,05:37 PM
66,2022/6/13,08:55 AM,06:27 PM
66,2022/7/10,07:35 AM,06:36 PM
66,2022/7/16,07:56 AM,04:33 PM
66,2022/7/26,08:16 AM,04:23 PM
66,2022/8/2,08:39 AM,04:14 PM
66,2022/8/6,08:54 AM,04:19 PM
66,2022/8/9,07:43 AM,04:03 PM
66,2022/8/24,08:31 AM,04:03 PM
66,2022/8/31,08:48 AM,04:11 PM
66,2022/9/24,08:30 AM,04:29 PM
66,2022/10/9,08:26 AM,04:05 PM
66,2022/10/14,08:35 AM,06:12 PM
66,2022/10/30,07:21 AM,04:55 PM
66,2022/11/2,07:00 AM,04:16 PM
66,2022/11/19,08:02 AM,06:44 PM
66,2022/11/24,07:46 AM,05:59 PM
66,2022/12/23,07:43 AM,06:55 PM
66,2023/1/19,07:34 AM,04:03 PM
66,2023/2/10,07:04 AM,05:33 PM
66,2023/3/22,07:14 AM,06:32 PM
66,2023/4/1,07:38 AM,06:54 PM
66,2023/4/29,08:57 AM,05:53 PM
66,2023/5/10,08:31 AM,06:08 PM
66,2023/5/22,08:26 AM,04:14 PM
67,2022/5/31,08:44 AM,06:26 PM
67,2022/6/19,07:39 AM,04:26 PM
67,2022/7/25,07:40 AM,05:30 PM
67,2022/7/26,07:04 AM,05:10 PM
67,2022/7/27,07:14 AM,05:17 PM
67,2022/7/28,08:50 AM,06:22 PM
67,2022/8/28,08:01 AM,04:15 PM
67,2022/9/13,08:07 AM,05:35 PM
67,2022/9/22,07:16 AM,04:52 PM
67,2022/10/19,08:07 AM,06:22 PM
67,2022/10/24,07:36 AM,05:26 PM
67,2022/11/24,07:31 AM,06:45 PM
67,2022/12/13,07:10 AM,05:16 PM
67,2023/1/3,08:15 AM,06:03 PM
67,2023/1/12,07:39 AM,06:27 PM
67,2023/1/30,08:26 AM,04:35 PM
67,2023/2/3,08:15 AM,04:45 PM
67,2023/2/4,07:15 AM,06:31 PM
67,2023/4/3,08:51 AM,04:32 PM
67,2023/5/18,08:36 AM,04:23 PM
67,2023/5/21,07:39 AM,04:15 PM
68,2022/6/6,07:10 AM,06:13 PM
68,2022/6/29,07:33 AM,04:18 PM
68,2022/10/3,07:40 AM,05:08 PM
68,2022/5/31,08:36 AM,05:42 PM
68,2022/6/8,08:03 AM,04:38 PM
68,2022/7/2,07:59 AM,05:16 PM
68,2022/7/21,07:08 AM,05:18 PM
68,2022/7/29,07:02 AM,06:31 PM
68,2022/8/26,07:50 AM,04:35 PM
68,2022/8/30,07:39 AM,06:17 PM
68,2022/9/22,08:39 AM,05:11 PM
68,2022/10/13,07:27 AM,05:00 PM
68,2022/10/19,07:39 AM,05:05 PM
68,2022/10/24,08:00 AM,06:50 PM
68,2022/11/6,07:42 AM,05:52 PM
68,2022/11/18,07:06 AM,04:41 PM
68,2022/12/4,08:56 AM,06:37 PM
68,2022/12/11,07:49 AM,04:59 PM
68,2022/12/17,08:55 AM,04:01 PM
68,2022/12/20,07:12 AM,06:34 PM
68,2022/12/23,08:33 AM,04:49 PM
68,2022/12/28,07:18 AM,05:27 PM
68,2023/1/1,08:59 AM,05:45 PM
68,2023/1/5,07:11 AM,05:53 PM
68,2023/2/2,08:51 AM,05:11 PM
68,2023/2/12,08:29 AM,05:16 PM
68,2023/2/19,07:21 AM,06:18 PM
68,2023/3/10,07:06 AM,04:43 PM
68,2023/3/13,07:23 AM,06:26 PM
68,2023/3/29,08:56 AM,06:33 PM
68,2023/4/2,08:44 AM,04:53 PM
68,2023/4/12,07:41 AM,06:44 PM
68,2023/4/15,07:23 AM,06:39 PM
68,2023/4/19,07:00 AM,06:11 PM
68,2023/4/23,07:06 AM,06:57 PM
68,2023/4/25,07:16 AM,06:45 PM
68,2023/5/2,08:56 AM,06:04 PM
68,2023/5/17,08:19 AM,05:11 PM
69,2022/5/25,08:20 AM,04:13 PM
69,2022/5/28,08:09 AM,06:05 PM
69,2022/6/3,08:39 AM,05:10 PM
69,2022/6/10,07:12 AM,05:23 PM
69,2022/6/15,07:43 AM,06:56 PM
69,2022/6/30,08:06 AM,05:33 PM
69,2022/7/26,07:57 AM,06:06 PM
69,2022/8/8,07:20 AM,05:24 PM
69,2022/8/13,07:15 AM,06:07 PM
69,2022/9/24,08:12 AM,04:25 PM
69,2022/9/27,08:13 AM,06:07 PM
69,2022/10/11,08:29 AM,06:51 PM
69,2022/10/15,08:51 AM,05:40 PM
69,2022/10/29,07:19 AM,04:28 PM
69,2022/10/30,08:56 AM,06:40 PM
69,2022/11/3,08:27 AM,05:36 PM
69,2022/12/6,07:40 AM,06:48 PM
69,2022/12/18,07:33 AM,05:19 PM
69,2022/12/27,08:53 AM,05:24 PM
69,2023/2/6,08:55 AM,04:08 PM
69,2023/2/13,07:46 AM,04:52 PM
69,2023/2/15,07:25 AM,06:59 PM
69,2023/2/24,07:42 AM,04:06 PM
69,2023/2/26,07:23 AM,06:49 PM
69,2023/3/15,07:50 AM,05:03 PM
69,2023/3/22,07:53 AM,06:59 PM
69,2023/3/25,07:30 AM,04:22 PM
69,2023/3/30,07:11 AM,04:03 PM
69,2023/4/16,07:15 AM,04:54 PM
69,2023/4/18,08:35 AM,05:52 PM
69,2023/5/23,07:38 AM,04:26 PM
70,2022/6/7,07:21 AM,04:14 PM
70,2022/6/18,08:13 AM,05:00 PM
70,2022/7/2,08:04 AM,05:55 PM
70,2022/7/3,07:56 AM,06:21 PM
70,2022/7/11,07:36 AM,05:36 PM
70,2022/7/22,08:06 AM,05:51 PM
70,2022/7/31,07:04 AM,06:05 PM
70,2022/8/7,07:13 AM,04:39 PM
70,2022/8/9,07:48 AM,04:32 PM
70,2022/8/18,07:30 AM,06:53 PM
70,2022/8/29,07:00 AM,06:10 PM
70,2022/9/9,08:46 AM,06:47 PM
70,2022/9/15,08:12 AM,06:06 PM
70,2022/10/6,07:06 AM,04:00 PM
70,2022/12/19,08:07 AM,06:50 PM
70,2022/12/23,07:05 AM,04:35 PM
70,2022/12/25,08:49 AM,06:25 PM
70,2023/1/7,08:27 AM,04:50 PM
70,2023/1/13,07:04 AM,04:40 PM
70,2023/2/20,07:03 AM,06:33 PM
70,2023/2/24,07:41 AM,05:12 PM
70,2023/3/22,08:27 AM,05:51 PM
70,2023/3/24,07:39 AM,06:00 PM
70,2023/3/26,08:03 AM,04:15 PM
70,2023/3/31,08:23 AM,05:41 PM
70,2023/4/4,08:49 AM,04:10 PM
70,2023/5/6,08:38 AM,04:12 PM
70,2023/5/11,08:21 AM,04:23 PM
71,2022/6/9,07:04 AM,04:58 PM
71,2022/6/13,08:55 AM,04:39 PM
71,2022/7/31,08:24 AM,05:39 PM
71,2022/8/14,08:48 AM,06:53 PM
71,2022/9/16,07:33 AM,04:24 PM
71,2022/9/17,07:28 AM,06:48 PM
71,2022/9/19,07:54 AM,06:59 PM
71,2022/9/24,07:01 AM,06:11 PM
71,2022/10/7,08:49 AM,06:24 PM
71,2022/10/10,07:49 AM,04:12 PM
71,2022/10/14,07:49 AM,04:45 PM
71,2022/10/21,07:00 AM,04:14 PM
71,2022/10/23,07:14 AM,04:22 PM
71,2022/10/27,08:58 AM,04:11 PM
71,2022/11/4,07:37 AM,06:08 PM
71,2022/11/8,07:31 AM,05:04 PM
71,2022/11/24,07:20 AM,04:57 PM
71,2022/12/12,07:28 AM,04:41 PM
71,2022/12/26,08:13 AM,05:34 PM
71,2023/1/5,07:17 AM,04:46 PM
71,2023/1/17,08:53 AM,05:51 PM
71,2023/1/21,07:00 AM,05:32 PM
71,2023/2/10,08:01 AM,06:20 PM
71,2023/2/11,07:35 AM,04:41 PM
71,2023/2/12,08:58 AM,05:00 PM
71,2023/2/27,07:35 AM,06:06 PM
71,2023/3/4,08:56 AM,04:39 PM
71,2023/3/13,07:36 AM,05:11 PM
71,2023/3/14,07:48 AM,06:09 PM
71,2023/4/20,08:54 AM,06:50 PM
71,2023/4/25,07:58 AM,04:23 PM
71,2023/4/27,08:27 AM,06:38 PM
71,2023/4/29,07:00 AM,04:31 PM
71,2023/5/5,07:45 AM,04:54 PM
71,2023/5/15,07:44 AM,04:39 PM
72,2022/11/7,07:55 AM,06:48 PM
72,2023/1/19,07:37 AM,06:40 PM
72,2022/5/29,08:02 AM,05:38 PM
72,2022/5/31,07:31 AM,04:55 PM
72,2022/6/4,07:32 AM,06:33 PM
72,2022/6/5,07:53 AM,04:54 PM
72,2022/6/14,08:06 AM,06:47 PM
72,2022/6/17,07:41 AM,04:27 PM
72,2022/6/25,07:04 AM,06:55 PM
72,2022/7/31,08:58 AM,04:49 PM
72,2022/9/19,07:27 AM,04:56 PM
72,2022/9/20,07:35 AM,06:02 PM
72,2022/9/26,07:50 AM,05:06 PM
72,2022/10/15,08:47 AM,06:54 PM
72,2022/11/25,07:23 AM,05:41 PM
72,2022/12/5,08:58 AM,06:03 PM
72,2022/12/12,07:40 AM,05:32 PM
72,2022/12/13,07:57 AM,05:16 PM
72,2022/12/25,07:36 AM,04:18 PM
72,2022/12/29,07:51 AM,06:39 PM
72,2022/12/31,07:59 AM,04:42 PM
72,2023/1/6,08:31 AM,05:15 PM
72,2023/1/20,07:09 AM,05:46 PM
72,2023/1/25,07:38 AM,06:25 PM
72,2023/1/31,08:13 AM,05:56 PM
72,2023/2/1,08:58 AM,06:30 PM
72,2023/2/3,08:32 AM,04:56 PM
72,2023/2/8,08:34 AM,04:59 PM
72,2023/2/14,08:11 AM,04:00 PM
72,2023/3/22,08:13 AM,06:40 PM
72,2023/4/25,07:40 AM,04:57 PM
72,2023/4/30,08:22 AM,04:12 PM
72,2023/5/2,07:07 AM,04:02 PM
72,2023/5/12,07:54 AM,04:28 PM
73,2023/3/7,07:28 AM,05:30 PM
73,2022/6/15,08:59 AM,06:50 PM
73,2022/6/16,07:45 AM,04:46 PM
73,2022/7/8,08:02 AM,06:09 PM
73,2022/10/11,07:47 AM,04:11 PM
73,2022/10/16,08:31 AM,04:44 PM
73,2022/10/18,08:37 AM,05:26 PM
73,2022/11/24,08:37 AM,06:03 PM
73,2022/12/19,07:43 AM,05:50 PM
73,2022/12/21,08:22 AM,06:04 PM
73,2023/1/3,07:27 AM,04:37 PM
73,2023/1/7,07:48 AM,05:22 PM
73,2023/1/18,08:10 AM,06:24 PM
73,2023/2/13,08:25 AM,06:37 PM
73,2023/2/19,07:24 AM,05:40 PM
73,2023/2/21,07:13 AM,04:31 PM
73,2023/3/2,07:26 AM,04:13 PM
73,2023/3/12,07:45 AM,05:13 PM
73,2023/3/13,07:54 AM,06:15 PM
73,2023/3/15,08:09 AM,05:54 PM
73,2023/3/22,07:01 AM,05:12 PM
73,2023/4/3,08:22 AM,04:23 PM
73,2023/4/4,08:38 AM,04:43 PM
73,2023/4/8,08:26 AM,06:23 PM
73,2023/4/23,08:25 AM,06:24 PM
73,2023/5/9,08:21 AM,04:59 PM
74,2022/7/6,08:55 AM,06:11 PM
74,2022/7/21,08:46 AM,06:38 PM
74,2022/10/29,07:19 AM,05:15 PM
74,2022/6/5,08:11 AM,06:17 PM
74,2022/6/12,07:54 AM,05:09 PM
74,2022/7/5,07:28 AM,04:34 PM
74,2022/7/8,08:28 AM,06:43 PM
74,2022/8/9,07:26 AM,06:27 PM
74,2022/8/28,07:52 AM,05:10 PM
74,2022/9/25,07:32 AM,06:41 PM
74,2022/10/6,07:14 AM,05:54 PM
74,2022/10/8,08:19 AM,04:47 PM
74,2022/10/9,08:51 AM,06:01 PM
74,2022/10/14,07:13 AM,04:29 PM
74,2022/11/12,07:19 AM,06:16 PM
74,2022/12/12,07:19 AM,06:08 PM
74,2023/1/1,08:06 AM,05:27 PM
74,2023/1/15,08:25 AM,04:43 PM
74,2023/1/17,08:26 AM,04:03 PM
74,2023/1/20,08:38 AM,06:11 PM
74,2023/2/7,08:51 AM,04:13 PM
74,2023/3/8,08:10 AM,05:02 PM
74,2023/5/17,07:05 AM,05:14 PM
75,2022/7/4,08:07 AM,04:55 PM
75,2022/5/26,08:58 AM,04:38 PM
75,2022/7/8,07:01 AM,05:08 PM
75,2022/7/11,08:27 AM,06:46 PM
75,2022/8/15,07:41 AM,04:28 PM
75,2022/8/19,07:57 AM,04:05 PM
75,2022/8/21,08:00 AM,04:30 PM
75,2022/8/23,08:17 AM,06:26 PM
75,2022/8/26,08:14 AM,04:01 PM
75,2022/8/29,08:06 AM,06:17 PM
75,2022/9/21,07:58 AM,04:31 PM
75,2022/9/22,07:20 AM,06:19 PM
75,2022/9/23,07:37 AM,04:36 PM
75,2022/10/4,07:45 AM,04:23 PM
75,2022/10/30,08:11 AM,05:23 PM
75,2022/11/1,07:39 AM,04:08 PM
75,2022/12/23,08:41 AM,04:06 PM
75,2023/1/3,07:19 AM,04:38 PM
75,2023/1/20,08:31 AM,05:14 PM
75,2023/1/26,08:16 AM,04:29 PM
75,2023/2/4,08:28 AM,06:59 PM
75,2023/3/4,07:38 AM,06:04 PM
75,2023/3/5,07:34 AM,06:05 PM
75,2023/3/19,08:04 AM,06:54 PM
75,2023/3/24,08:48 AM,06:50 PM
75,2023/4/12,08:25 AM,04:37 PM
75,2023/4/17,07:59 AM,04:18 PM
75,2023/4/28,07:16 AM,06:15 PM
75,2023/5/5,08:10 AM,06:52 PM
75,2023/5/17,08:24 AM,04:36 PM
75,2023/5/23,08:54 AM,04:35 PM
76,2022/6/11,07:55 AM,04:25 PM
76,2022/6/16,08:05 AM,04:50 PM
76,2022/6/23,08:04 AM,06:44 PM
76,2022/7/6,07:06 AM,05:36 PM
76,2022/7/13,08:04 AM,04:35 PM
76,2022/7/25,08:49 AM,05:28 PM
76,2022/8/15,07:15 AM,06:40 PM
76,2022/8/23,08:40 AM,05:22 PM
76,2022/8/25,07:06 AM,05:09 PM
76,2022/10/1,08:10 AM,06:52 PM
76,2022/10/11,08:23 AM,05:03 PM
76,2022/10/19,07:33 AM,04:26 PM
76,2022/11/20,08:46 AM,06:14 PM
76,2022/11/22,08:50 AM,05:32 PM
76,2022/11/26,08:25 AM,04:41 PM
76,2022/12/10,07:35 AM,04:31 PM
76,2023/1/25,08:25 AM,06:37 PM
76,2023/2/15,07:48 AM,05:19 PM
76,2023/3/3,08:18 AM,04:05 PM
76,2023/3/6,08:44 AM,06:27 PM
76,2023/3/8,07:07 AM,05:33 PM
76,2023/3/11,08:16 AM,06:19 PM
76,2023/3/26,07:30 AM,04:41 PM
76,2023/3/27,08:41 AM,05:43 PM
76,2023/4/6,08:30 AM,04:51 PM
76,2023/5/4,08:46 AM,06:34 PM
76,2023/5/15,08:43 AM,06:01 PM
77,2022/6/28,08:57 AM,05:14 PM
77,2022/5/25,08:30 AM,06:15 PM
77,2022/6/3,08:46 AM,05:32 PM
77,2022/6/8,07:59 AM,05:14 PM
77,2022/6/11,08:38 AM,05:08 PM
77,2022/6/17,08:45 AM,06:09 PM
77,2022/6/19,07:35 AM,04:45 PM
77,2022/6/25,08:16 AM,06:25 PM
77,2022/7/7,08:48 AM,05:27 PM
77,2022/8/22,07:15 AM,05:05 PM
77,2022/9/9,07:06 AM,04:55 PM
77,2022/9/25,07:19 AM,04:02 PM
77,2022/10/4,07:04 AM,05:11 PM
77,2022/10/7,07:41 AM,05:53 PM
77,2022/11/3,07:53 AM,04:01 PM
77,2022/11/15,08:33 AM,04:32 PM
77,2022/11/22,08:52 AM,04:02 PM
77,2022/12/11,08:45 AM,04:23 PM
77,2022/12/18,07:11 AM,05:31 PM
77,2022/12/21,08:59 AM,06:14 PM
77,2022/12/22,07:49 AM,06:52 PM
77,2023/2/23,08:42 AM,06:50 PM
77,2023/4/10,07:42 AM,05:14 PM
77,2023/4/25,08:19 AM,04:37 PM
77,2023/4/29,08:25 AM,06:07 PM
77,2023/5/9,07:13 AM,05:18 PM
77,2023/5/10,08:23 AM,04:09 PM
77,2023/5/18,08:44 AM,04:38 PM
77,2023/5/19,08:39 AM,04:45 PM
78,2022/5/28,07:26 AM,06:11 PM
78,2022/6/15,07:22 AM,06:30 PM
78,2022/6/17,08:23 AM,06:26 PM
78,2022/6/24,08:17 AM,05:38 PM
78,2022/6/27,08:46 AM,04:03 PM
78,2022/7/9,08:43 AM,05:41 PM
78,2022/9/1,08:07 AM,04:49 PM
78,2022/9/25,07:34 AM,06:51 PM
78,2022/9/27,08:57 AM,05:27 PM
78,2022/10/4,08:11 AM,06:13 PM
78,2022/10/7,08:10 AM,05:04 PM
78,2022/10/15,08:31 AM,06:19 PM
78,2022/10/18,08:12 AM,04:45 PM
78,2022/10/31,08:57 AM,05:43 PM
78,2022/11/5,07:45 AM,04:09 PM
78,2022/12/20,08:01 AM,06:52 PM
78,2022/12/23,08:59 AM,06:23 PM
78,2022/12/24,08:20 AM,06:57 PM
78,2023/1/4,07:38 AM,05:53 PM
78,2023/1/14,08:05 AM,06:01 PM
78,2023/1/22,07:38 AM,04:19 PM
78,2023/2/3,08:10 AM,04:54 PM
78,2023/2/14,08:01 AM,04:43 PM
78,2023/2/18,07:26 AM,06:37 PM
78,2023/4/1,08:00 AM,06:57 PM
78,2023/4/25,08:56 AM,05:05 PM
78,2023/4/26,07:21 AM,06:00 PM
78,2023/4/29,07:20 AM,06:54 PM
79,2022/10/3,08:21 AM,05:40 PM
79,2022/6/23,07:02 AM,04:36 PM
79,2022/6/30,08:12 AM,04:27 PM
79,2022/7/1,08:46 AM,05:48 PM
79,2022/7/17,08:07 AM,06:21 PM
79,2022/7/29,08:07 AM,05:35 PM
79,2022/8/4,07:22 AM,05:09 PM
79,2022/8/16,08:09 AM,05:38 PM
79,2022/9/15,08:12 AM,06:20 PM
79,2022/9/21,07:10 AM,05:46 PM
79,2022/9/26,07:44 AM,06:42 PM
79,2022/9/28,07:50 AM,05:46 PM
79,2022/10/14,07:42 AM,05:40 PM
79,2022/10/18,07:14 AM,06:00 PM
79,2022/10/21,07:44 AM,06:03 PM
79,2022/10/26,08:31 AM,05:12 PM
79,2022/11/14,07:57 AM,05:52 PM
79,2022/11/27,07:16 AM,06:15 PM
79,2022/12/11,07:55 AM,06:22 PM
79,2022/12/30,07:03 AM,06:22 PM
79,2023/1/4,08:34 AM,05:47 PM
79,2023/1/12,07:39 AM,06:21 PM
79,2023/1/20,08:58 AM,06:34 PM
79,2023/2/3,08:26 AM,06:45 PM
79,2023/2/14,07:46 AM,04:44 PM
79,2023/2/19,07:08 AM,05:14 PM
79,2023/3/18,07:01 AM,04:28 PM
79,2023/3/30,07:35 AM,05:05 PM
79,2023/4/19,08:08 AM,05:25 PM
79,2023/4/29,08:29 AM,05:32 PM
79,2023/4/30,07:24 AM,06:51 PM
79,2023/5/11,08:08 AM,05:37 PM
79,2023/5/15,08:52 AM,04:35 PM
79,2023/5/18,08:10 AM,04:53 PM
80,2022/5/30,08:57 AM,06:38 PM
80,2022/6/3,07:45 AM,04:54 PM
80,2022/7/7,08:39 AM,06:12 PM
80,2022/7/8,08:10 AM,05:09 PM
80,2022/8/29,07:56 AM,06:17 PM
80,2022/8/30,07:28 AM,06:52 PM
80,2022/9/6,08:51 AM,04:36 PM
80,2022/9/27,07:46 AM,06:07 PM
80,2022/11/25,08:16 AM,05:01 PM
80,2022/11/29,08:47 AM,04:45 PM
80,2022/12/1,07:16 AM,04:49 PM
80,2022/12/2,07:31 AM,06:01 PM
80,2022/12/30,08:18 AM,06:37 PM
80,2023/2/17,08:32 AM,05:26 PM
80,2023/2/26,08:51 AM,04:20 PM
80,2023/3/6,08:12 AM,05:30 PM
80,2023/3/12,07:43 AM,04:48 PM
80,2023/4/7,08:38 AM,04:18 PM
80,2023/4/25,08:43 AM,05:40 PM
80,2023/4/29,07:51 AM,04:10 PM
80,2023/5/16,08:20 AM,04:45 PM
80,2023/5/20,07:51 AM,06:27 PM
81,2022/9/23,07:02 AM,06:24 PM
81,2022/7/2,07:53 AM,04:31 PM
81,2022/7/23,08:17 AM,05:21 PM
81,2022/7/29,08:43 AM,05:43 PM
81,2022/8/5,07:09 AM,06:46 PM
81,2022/8/21,08:19 AM,04:01 PM
81,2022/8/26,07:30 AM,05:28 PM
81,2022/8/29,07:34 AM,04:39 PM
81,2022/9/4,07:26 AM,06:08 PM
81,2022/9/5,08:07 AM,06:35 PM
81,2022/9/13,07:42 AM,04:53 PM
81,2022/9/21,08:17 AM,05:48 PM
81,2022/10/8,07:57 AM,06:27 PM
81,2022/10/14,07:22 AM,04:48 PM
81,2022/11/24,07:34 AM,06:04 PM
81,2022/11/30,07:47 AM,06:18 PM
81,2022/12/3,07:39 AM,06:09 PM
81,2022/12/27,08:32 AM,06:25 PM
81,2023/1/1,08:56 AM,05:11 PM
81,2023/1/7,08:53 AM,05:07 PM
81,2023/1/23,07:31 AM,05:24 PM
81,2023/1/27,08:34 AM,05:53 PM
81,2023/2/21,07:54 AM,05:17 PM
81,2023/3/2,07:25 AM,04:45 PM
81,2023/3/16,08:45 AM,05:35 PM
81,2023/3/22,07:59 AM,06:26 PM
81,2023/4/5,07:50 AM,04:04 PM
81,2023/4/10,08:03 AM,04:57 PM
82,2023/1/16,07:16 AM,05:42 PM
82,2023/2/8,08:08 AM,06:39 PM
82,2023/4/16,08:37 AM,06:05 PM
82,2022/6/13,08:26 AM,04:46 PM
82,2022/6/15,08:46 AM,05:08 PM
82,2022/6/25,08:38 AM,04:27 PM
82,2022/7/3,07:57 AM,06:29 PM
82,2022/7/11,07:32 AM,06:28 PM
82,2022/7/15,07:40 AM,06:03 PM
82,2022/7/16,08:08 AM,05:13 PM
82,2022/7/22,08:00 AM,05:31 PM
82,2022/7/29,08:23 AM,06:19 PM
82,2022/7/31,08:42 AM,04:36 PM
82,2022/8/1,07:51 AM,04:48 PM
82,2022/8/16,08:14 AM,04:37 PM
82,2022/8/23,07:32 AM,06:20 PM
82,2022/8/25,08:17 AM,04:31 PM
82,2022/9/4,08:23 AM,06:06 PM
82,2022/9/15,08:56 AM,04:52 PM
82,2022/9/23,08:32 AM,04:28 PM
82,2022/10/2,08:40 AM,04:58 PM
82,2022/10/11,08:29 AM,06:37 PM
82,2022/10/12,07:35 AM,04:29 PM
82,2022/10/26,08:52 AM,05:56 PM
82,2022/11/5,07:16 AM,05:17 PM
82,2022/11/28,07:15 AM,06:10 PM
82,2022/12/3,07:33 AM,06:17 PM
82,2022/12/5,08:25 AM,06:02 PM
82,2022/12/15,07:14 AM,05:55 PM
82,2022/12/18,07:49 AM,06:23 PM
82,2022/12/23,08:42 AM,05:32 PM
82,2023/1/5,07:32 AM,05:38 PM
82,2023/1/6,08:53 AM,05:43 PM
82,2023/1/17,07:11 AM,05:31 PM
82,2023/1/30,07:08 AM,05:32 PM
82,2023/2/26,07:54 AM,05:42 PM
82,2023/3/1,07:59 AM,04:33 PM
82,2023/3/14,07:57 AM,04:24 PM
82,2023/3/20,07:30 AM,04:47 PM
82,2023/3/22,07:25 AM,05:46 PM
83,2022/12/9,08:19 AM,04:37 PM
83,2022/5/31,08:27 AM,04:18 PM
83,2022/6/17,08:39 AM,05:06 PM
83,2022/6/22,08:28 AM,04:02 PM
83,2022/7/9,07:42 AM,06:33 PM
83,2022/7/11,07:08 AM,06:57 PM
83,2022/7/15,07:08 AM,06:06 PM
83,2022/8/18,07:56 AM,05:51 PM
83,2022/9/17,08:02 AM,04:02 PM
83,2022/9/29,07:21 AM,06:53 PM
83,2022/10/12,08:56 AM,04:12 PM
83,2022/10/27,07:42 AM,04:12 PM
83,2022/11/1,07:13 AM,06:28 PM
83,2022/11/2,07:41 AM,04:23 PM
83,2022/11/25,08:24 AM,06:54 PM
83,2022/11/26,07:38 AM,04:33 PM
83,2022/12/6,08:42 AM,06:46 PM
83,2022/12/27,08:50 AM,05:42 PM
83,2022/12/28,08:42 AM,04:23 PM
83,2023/1/1,07:20 AM,05:40 PM
83,2023/1/4,07:35 AM,04:42 PM
83,2023/1/27,07:29 AM,06:49 PM
83,2023/1/31,07:17 AM,05:02 PM
83,2023/2/1,07:12 AM,05:28 PM
83,2023/2/3,08:16 AM,06:21 PM
83,2023/2/25,08:02 AM,04:43 PM
83,2023/3/12,08:14 AM,06:17 PM
83,2023/4/28,08:07 AM,05:33 PM
83,2023/4/29,08:11 AM,06:46 PM
83,2023/5/6,08:19 AM,05:46 PM
83,2023/5/11,07:57 AM,06:07 PM
83,2023/5/12,07:28 AM,04:29 PM
84,2022/6/13,07:43 AM,06:39 PM
84,2023/4/10,08:40 AM,04:08 PM
84,2022/6/6,08:55 AM,05:27 PM
84,2022/8/3,07:06 AM,04:51 PM
84,2022/8/6,08:34 AM,05:24 PM
84,2022/8/29,08:35 AM,05:52 PM
84,2022/9/2,08:34 AM,06:33 PM
84,2022/9/21,07:37 AM,05:39 PM
84,2022/9/22,07:51 AM,04:35 PM
84,2022/9/26,07:21 AM,05:52 PM
84,2022/10/10,07:42 AM,06:29 PM
84,2022/10/18,07:35 AM,04:30 PM
84,2022/10/30,08:35 AM,05:01 PM
84,2022/10/31,08:21 AM,05:23 PM
84,2022/11/8,08:22 AM,04:22 PM
84,2022/12/2,07:55 AM,06:16 PM
84,2022/12/6,07:15 AM,05:24 PM
84,2022/12/14,07:54 AM,04:50 PM
84,2022/12/20,07:11 AM,06:21 PM
84,2023/1/2,07:41 AM,06:36 PM
84,2023/1/21,07:45 AM,06:45 PM
84,2023/1/23,07:49 AM,05:16 PM
84,2023/1/28,08:11 AM,04:16 PM
84,2023/2/15,08:41 AM,04:32 PM
84,2023/2/18,07:42 AM,05:01 PM
84,2023/2/23,07:01 AM,04:39 PM
84,2023/2/24,07:08 AM,05:56 PM
84,2023/3/9,08:31 AM,06:11 PM
84,2023/3/22,07:31 AM,06:07 PM
84,2023/4/16,08:07 AM,06:00 PM
84,2023/4/25,08:51 AM,05:39 PM
85,2022/10/11,08:39 AM,05:18 PM
85,2022/11/3,08:55 AM,05:12 PM
85,2022/6/12,07:19 AM,04:14 PM
85,2022/6/15,07:44 AM,04:20 PM
85,2022/6/22,07:52 AM,04:18 PM
85,2022/6/27,07:05 AM,06:21 PM
85,2022/7/3,08:58 AM,05:39 PM
85,2022/7/17,07:59 AM,05:21 PM
85,2022/8/4,07:23 AM,05:24 PM
85,2022/9/8,07:03 AM,05:25 PM
85,2022/9/9,08:46 AM,06:37 PM
85,2022/9/20,07:40 AM,04:19 PM
85,2022/9/24,07:37 AM,06:42 PM
85,2022/10/4,08:41 AM,04:39 PM
85,2022/11/29,08:44 AM,06:20 PM
85,2022/12/3,07:37 AM,05:30 PM
85,2022/12/25,08:53 AM,05:51 PM
85,2023/1/2,08:28 AM,05:13 PM
85,2023/1/9,08:59 AM,05:28 PM
85,2023/1/13,08:07 AM,06:00 PM
85,2023/2/1,07:29 AM,06:44 PM
85,2023/2/12,08:05 AM,04:54 PM
85,2023/3/1,08:08 AM,04:13 PM
85,2023/3/19,08:54 AM,04:37 PM
85,2023/4/2,08:56 AM,05:55 PM
85,2023/4/29,07:24 AM,04:50 PM
86,2022/7/28,07:25 AM,06:16 PM
86,2022/10/5,08:09 AM,05:10 PM
86,2023/4/3,08:04 AM,04:30 PM
86,2022/7/13,07:21 AM,06:37 PM
86,2022/7/24,07:00 AM,04:09 PM
86,2022/8/1,08:06 AM,04:42 PM
86,2022/9/9,08:12 AM,04:54 PM
86,2022/9/15,07:13 AM,06:01 PM
86,2022/9/24,07:17 AM,06:38 PM
86,2022/9/29,07:37 AM,04:20 PM
86,2022/10/14,07:39 AM,04:36 PM
86,2022/11/24,07:27 AM,06:08 PM
86,2022/12/14,08:27 AM,06:01 PM
86,2023/1/7,08:58 AM,05:34 PM
86,2023/1/26,08:24 AM,04:40 PM
86,2023/3/2,07:17 AM,06:38 PM
86,2023/3/3,07:56 AM,05:39 PM
86,2023/3/15,08:51 AM,06:55 PM
86,2023/4/2,07:00 AM,05:51 PM
86,2023/4/5,07:16 AM,05:49 PM
86,2023/5/13,07:04 AM,04:58 PM
86,2023/5/22,08:38 AM,04:29 PM
87,2022/6/4,07:46 AM,04:25 PM
87,2022/6/18,07:35 AM,04:06 PM
87,2022/6/20,08:01 AM,05:59 PM
87,2022/7/2,08:41 AM,06:07 PM
87,2022/7/3,07:11 AM,05:22 PM
87,2022/8/3,08:58 AM,05:20 PM
87,2022/8/16,08:03 AM,06:25 PM
87,2022/8/27,08:23 AM,04:18 PM
87,2022/9/21,08:44 AM,05:19 PM
87,2022/9/24,07:10 AM,06:40 PM
87,2022/10/3,07:25 AM,04:14 PM
87,2022/10/5,07:26 AM,05:20 PM
87,2022/10/6,08:15 AM,05:00 PM
87,2022/10/18,07:37 AM,05:05 PM
87,2022/11/14,07:20 AM,04:06 PM
87,2022/11/16,07:00 AM,05:23 PM
87,2022/11/20,07:30 AM,06:39 PM
87,2022/12/1,07:29 AM,04:16 PM
87,2022/12/11,07:29 AM,06:11 PM
87,2022/12/13,08:59 AM,05:05 PM
87,2023/1/5,07:20 AM,04:32 PM
87,2023/1/13,08:36 AM,04:39 PM
87,2023/1/15,08:15 AM,06:27 PM
87,2023/2/1,08:10 AM,05:09 PM
87,2023/2/15,08:02 AM,05:51 PM
87,2023/2/26,07:39 AM,06:56 PM
87,2023/2/28,08:15 AM,04:06 PM
87,2023/4/17,08:32 AM,06:26 PM
88,2022/8/24,08:59 AM,05:44 PM
88,2022/10/28,08:17 AM,04:25 PM
88,2022/5/31,08:03 AM,06:39 PM
88,2022/6/8,08:30 AM,04:11 PM
88,2022/6/10,07:39 AM,06:02 PM
88,2022/6/22,08:02 AM,05:10 PM
88,2022/6/26,07:55 AM,04:43 PM
88,2022/7/3,07:33 AM,06:57 PM
88,2022/7/14,08:44 AM,04:59 PM
88,2022/7/18,07:33 AM,06:11 PM
88,2022/8/2,07:39 AM,06:37 PM
88,2022/8/6,08:09 AM,06:46 PM
88,2022/9/9,07:49 AM,04:52 PM
88,2022/9/15,08:48 AM,05:03 PM
88,2022/9/18,07:15 AM,05:05 PM
88,2022/10/7,07:31 AM,04:08 PM
88,2022/10/10,08:24 AM,04:13 PM
88,2022/10/18,07:47 AM,06:51 PM
88,2022/11/2,07:12 AM,04:55 PM
88,2022/11/3,08:40 AM,04:58 PM
88,2022/11/7,07:48 AM,05:39 PM
88,2022/11/15,07:20 AM,05:06 PM
88,2022/11/20,08:48 AM,06:12 PM
88,2022/12/10,07:45 AM,06:35 PM
88,2023/1/1,07:15 AM,05:40 PM
88,2023/1/6,08:19 AM,04:17 PM
88,2023/1/23,07:55 AM,06:15 PM
88,2023/3/24,08:47 AM,06:06 PM
88,2023/4/2,08:01 AM,06:10 PM
88,2023/4/12,08:16 AM,06:06 PM
88,2023/4/13,07:18 AM,04:27 PM
88,2023/4/14,07:49 AM,06:58 PM
88,2023/4/25,08:02 AM,06:58 PM
88,2023/5/17,07:05 AM,06:07 PM
88,2023/5/21,07:36 AM,05:33 PM
89,2022/5/29,08:37 AM,05:30 PM
89,2022/6/14,07:48 AM,06:34 PM
89,2022/5/28,08:42 AM,04:06 PM
89,2022/5/31,08:36 AM,04:16 PM
89,2022/6/16,07:08 AM,04:09 PM
89,2022/6/21,07:46 AM,04:51 PM
89,2022/7/5,08:44 AM,04:08 PM
89,2022/8/6,07:39 AM,06:15 PM
89,2022/8/28,08:31 AM,04:43 PM
89,2022/9/8,07:00 AM,04:47 PM
89,2022/9/10,08:41 AM,04:40 PM
89,2022/9/11,07:46 AM,06:29 PM
89,2022/9/12,07:54 AM,06:50 PM
89,2022/10/24,07:01 AM,06:32 PM
89,2022/11/11,08:45 AM,06:57 PM
89,2022/11/16,07:02 AM,05:15 PM
89,2022/12/1,07:32 AM,05:16 PM
89,2022/12/2,07:23 AM,04:16 PM
89,2022/12/10,07:36 AM,04:23 PM
89,2022/12/14,08:05 AM,05:50 PM
89,2022/12/20,07:30 AM,04:03 PM
89,2022/12/29,08:53 AM,04:48 PM
89,2023/1/3,08:22 AM,05:19 PM
89,2023/1/25,08:19 AM,06:33 PM
89,2023/2/27,08:07 AM,04:42 PM
89,2023/3/13,08:54 AM,06:10 PM
89,2023/3/16,07:11 AM,04:07 PM
89,2023/3/21,07:47 AM,06:03 PM
89,2023/4/6,07:54 AM,06:16 PM
89,2023/4/8,07:40 AM,05:55 PM
89,2023/4/17,08:49 AM,06:39 PM
89,2023/4/22,08:09 AM,04:55 PM
89,2023/5/1,08:21 AM,06:26 PM
89,2023/5/3,08:03 AM,05:16 PM
90,2022/7/28,08:11 AM,04:31 PM
90,2023/5/3,08:31 AM,06:40 PM
90,2022/5/29,07:15 AM,06:07 PM
90,2022/6/20,08:08 AM,05:32 PM
90,2022/6/25,08:00 AM,05:22 PM
90,2022/7/21,08:49 AM,06:25 PM
90,2022/8/9,08:52 AM,04:43 PM
90,2022/8/23,08:12 AM,04:40 PM
90,2022/9/19,07:39 AM,06:10 PM
90,2022/9/27,07:09 AM,05:28 PM
90,2022/10/1,07:43 AM,05:24 PM
90,2022/10/21,07:42 AM,06:17 PM
90,2022/10/30,08:16 AM,06:49 PM
90,2022/11/5,07:23 AM,04:30 PM
90,2022/11/17,08:32 AM,04:58 PM
90,2022/12/5,08:16 AM,04:04 PM
90,2022/12/10,08:43 AM,04:14 PM
90,2023/1/2,08:35 AM,04:19 PM
90,2023/1/7,08:59 AM,04:20 PM
90,2023/3/12,07:07 AM,04:03 PM
90,2023/3/28,07:35 AM,05:49 PM
90,2023/4/3,08:59 AM,04:38 PM
90,2023/4/9,07:18 AM,04:53 PM
90,2023/5/21,07:22 AM,05:43 PM
91,2022/6/15,08:22 AM,06:07 PM
91,2022/6/20,07:31 AM,05:55 PM
91,2022/6/30,08:54 AM,04:13 PM
91,2022/7/12,07:58 AM,05:19 PM
91,2022/8/7,07:23 AM,06:40 PM
91,2022/8/11,08:05 AM,05:49 PM
91,2022/8/25,07:02 AM,04:04 PM
91,2022/8/29,07:57 AM,04:42 PM
91,2022/10/3,07:00 AM,04:40 PM
91,2022/10/12,07:47 AM,05:38 PM
91,2022/10/20,07:23 AM,04:05 PM
91,2022/11/11,07:21 AM,05:33 PM
91,2022/11/22,08:06 AM,06:45 PM
91,2022/11/23,07:56 AM,05:52 PM
91,2022/11/29,08:49 AM,04:20 PM
91,2022/12/2,08:59 AM,05:31 PM
91,2022/12/4,07:35 AM,05:58 PM
91,2022/12/6,07:02 AM,05:25 PM
91,2022/12/29,07:35 AM,04:48 PM
91,2023/1/9,07:08 AM,05:29 PM
91,2023/1/13,07:20 AM,04:30 PM
91,2023/2/1,07:45 AM,06:17 PM
91,2023/2/4,07:13 AM,04:02 PM
91,2023/2/12,08:13 AM,06:26 PM
91,2023/2/24,08:22 AM,04:59 PM
91,2023/3/8,08:24 AM,06:35 PM
91,2023/4/24,08:07 AM,05:07 PM
91,2023/5/12,08:54 AM,06:02 PM
91,2023/5/20,08:15 AM,05:10 PM
92,2022/11/7,07:25 AM,05:03 PM
92,2022/6/5,07:17 AM,04:07 PM
92,2022/7/13,08:23 AM,04:42 PM
92,2022/7/15,07:41 AM,05:49 PM
92,2022/7/18,07:59 AM,06:44 PM
92,2022/8/8,07:21 AM,04:12 PM
92,2022/9/10,07:48 AM,06:27 PM
92,2022/9/23,07:03 AM,05:47 PM
92,2022/10/22,08:25 AM,04:01 PM
92,2022/10/24,07:49 AM,04:25 PM
92,2022/10/27,08:59 AM,06:10 PM
92,2022/11/14,08:41 AM,05:41 PM
92,2022/11/17,07:21 AM,06:17 PM
92,2022/11/21,07:25 AM,05:00 PM
92,2023/2/9,07:14 AM,06:48 PM
92,2023/4/2,08:16 AM,06:50 PM
92,2023/4/6,08:24 AM,04:00 PM
92,2023/4/13,07:43 AM,06:30 PM
92,2023/5/4,08:50 AM,04:28 PM
93,2022/5/27,08:50 AM,05:59 PM
93,2022/6/16,08:24 AM,05:57 PM
93,2022/9/8,08:39 AM,05:40 PM
93,2022/9/30,07:32 AM,04:37 PM
93,2022/10/27,07:54 AM,05:08 PM
93,2022/11/25,07:17 AM,04:20 PM
93,2022/12/7,08:24 AM,06:58 PM
93,2022/12/25,07:34 AM,05:45 PM
93,2022/12/28,08:16 AM,05:17 PM
93,2023/1/4,07:17 AM,06:03 PM
93,2023/2/14,07:31 AM,04:55 PM
93,2023/2/28,07:08 AM,04:41 PM
93,2023/3/19,08:16 AM,04:16 PM
93,2023/3/20,07:06 AM,05:29 PM
93,2023/3/22,07:07 AM,05:49 PM
93,2023/4/10,08:13 AM,04:37 PM
93,2023/4/23,07:30 AM,05:27 PM
93,2023/4/29,07:47 AM,06:52 PM
94,2022/5/26,08:27 AM,05:23 PM
94,2022/5/31,07:53 AM,05:00 PM
94,2022/6/5,08:38 AM,06:25 PM
94,2022/7/1,08:47 AM,05:11 PM
94,2022/7/16,07:54 AM,05:14 PM
94,2022/7/24,07:36 AM,06:19 PM
94,2022/8/27,07:20 AM,04:44 PM
94,2022/9/12,08:38 AM,04:31 PM
94,2022/10/10,07:55 AM,05:37 PM
94,2022/10/20,07:11 AM,05:42 PM
94,2022/11/2,08:25 AM,05:03 PM
94,2022/11/16,07:04 AM,06:29 PM
94,2022/11/24,08:39 AM,04:08 PM
94,2022/12/15,08:49 AM,06:36 PM
94,2023/1/17,07:36 AM,05:21 PM
94,2023/1/28,08:37 AM,06:16 PM
94,2023/3/17,07:35 AM,06:39 PM
94,2023/3/28,08:18 AM,04:21 PM
94,2023/4/6,08:37 AM,05:50 PM
94,2023/4/15,07:31 AM,05:46 PM
94,2023/5/2,08:02 AM,05:48 PM
95,2023/4/25,07:22 AM,05:37 PM
95,2022/5/30,07:27 AM,05:58 PM
95,2022/6/10,07:20 AM,06:08 PM
95,2022/6/13,07:19 AM,06:39 PM
95,2022/6/22,08:54 AM,06:16 PM
95,2022/7/1,07:00 AM,04:56 PM
95,2022/8/23,08:16 AM,06:50 PM
95,2022/9/5,08:10 AM,06:20 PM
95,2022/9/15,08:28 AM,06:44 PM
95,2022/10/16,07:22 AM,05:51 PM
95,2022/10/21,07:02 AM,04:06 PM
95,2022/10/28,07:52 AM,05:46 PM
95,2022/11/1,07:00 AM,04:27 PM
95,2022/12/6,07:14 AM,04:21 PM
95,2023/1/30,07:58 AM,04:46 PM
95,2023/1/31,08:45 AM,06:29 PM
95,2023/2/2,08:03 AM,04:07 PM
95,2023/2/22,07:00 AM,05:45 PM
95,2023/3/9,08:48 AM,05:38 PM
95,2023/3/15,07:15 AM,05:02 PM
95,2023/3/18,07:22 AM,05:02 PM
95,2023/4/20,07:05 AM,04:26 PM
95,2023/4/27,07:17 AM,04:01 PM
95,2023/5/7,07:26 AM,04:15 PM
95,2023/5/17,07:59 AM,04:30 PM
96,2022/9/23,07:02 AM,06:51 PM
96,2022/6/1,08:53 AM,05:35 PM
96,2022/6/6,07:56 AM,06:32 PM
96,2022/7/1,08:00 AM,04:16 PM
96,2022/7/4,07:19 AM,04:01 PM
96,2022/9/6,08:15 AM,06:56 PM
96,2022/9/10,07:26 AM,06:44 PM
96,2022/9/12,07:45 AM,05:11 PM
96,2022/9/30,07:42 AM,06:38 PM
96,2022/10/16,07:55 AM,06:33 PM
96,2022/10/29,07:19 AM,04:21 PM
96,2022/11/8,07:52 AM,06:26 PM
96,2023/1/4,08:54 AM,04:57 PM
96,2023/2/4,07:29 AM,05:39 PM
96,2023/2/20,08:50 AM,04:29 PM
96,2023/3/9,08:24 AM,04:22 PM
96,2023/3/19,08:23 AM,06:04 PM
96,2023/4/3,08:32 AM,06:04 PM
96,2023/4/26,08:53 AM,04:31 PM
97,2022/5/26,07:45 AM,05:46 PM
97,2022/6/10,08:57 AM,06:35 PM
97,2022/6/14,08:32 AM,04:24 PM
97,2022/6/27,07:09 AM,05:59 PM
97,2022/6/29,07:55 AM,05:14 PM
97,2022/7/15,07:41 AM,04:20 PM
97,2022/7/22,07:58 AM,06:09 PM
97,2022/7/26,07:01 AM,04:07 PM
97,2022/8/2,08:36 AM,06:02 PM
97,2022/8/6,08:11 AM,05:12 PM
97,2022/8/11,07:23 AM,04:46 PM
97,2022/8/20,07:03 AM,05:53 PM
97,2022/8/28,07:10 AM,05:43 PM
97,2022/9/24,08:06 AM,06:17 PM
97,2022/10/24,08:30 AM,05:05 PM
97,2022/11/26,08:54 AM,04:05 PM
97,2022/11/28,08:02 AM,06:18 PM
97,2022/12/3,08:24 AM,05:50 PM
97,2022/12/4,07:06 AM,04:21 PM
97,2022/12/15,08:39 AM,06:19 PM
97,2022/12/20,08:08 AM,04:06 PM
97,2022/12/25,07:11 AM,04:31 PM
97,2023/1/13,08:13 AM,06:50 PM
97,2023/2/8,08:23 AM,04:44 PM
97,2023/2/19,08:40 AM,04:38 PM
97,2023/4/8,07:44 AM,04:05 PM
97,2023/4/21,08:06 AM,04:32 PM
97,2023/5/10,08:19 AM,06:03 PM
98,2023/4/24,08:16 AM,05:31 PM
98,2022/5/29,08:32 AM,04:01 PM
98,2022/6/6,07:50 AM,05:52 PM
98,2022/7/5,08:15 AM,05:48 PM
98,2022/7/17,08:23 AM,04:22 PM
98,2022/8/18,07:17 AM,04:04 PM
98,2022/9/5,07:06 AM,05:16 PM
98,2022/10/18,08:59 AM,05:43 PM
98,2022/10/22,07:52 AM,06:26 PM
98,2022/11/9,07:30 AM,05:13 PM
98,2022/11/11,07:13 AM,06:21 PM
98,2022/11/23,08:31 AM,04:12 PM
98,2022/12/4,07:00 AM,04:01 PM
98,2022/12/8,07:58 AM,06:44 PM
98,2022/12/14,07:46 AM,05:39 PM
98,2022/12/16,08:43 AM,06:19 PM
98,2022/12/19,07:50 AM,04:54 PM
98,2022/12/27,07:40 AM,04:56 PM
98,2023/1/10,08:57 AM,05:38 PM
98,2023/1/21,08:12 AM,06:45 PM
98,2023/2/5,08:46 AM,05:49 PM
98,2023/2/7,07:30 AM,04:02 PM
98,2023/3/3,08:19 AM,05:47 PM
98,2023/3/15,08:40 AM,06:15 PM
98,2023/3/19,08:46 AM,04:12 PM
98,2023/3/30,07:24 AM,04:06 PM
98,2023/4/6,07:39 AM,06:04 PM
98,2023/4/8,08:39 AM,04:18 PM
98,2023/4/25,07:43 AM,04:19 PM
98,2023/5/4,08:43 AM,06:38 PM
98,2023/5/18,07:01 AM,05:12 PM
98,2023/5/20,08:07 AM,04:03 PM
99,2022/6/16,07:03 AM,04:06 PM
99,2022/5/26,08:54 AM,06:10 PM
99,2022/5/31,08:00 AM,05:23 PM
99,2022/6/10,07:37 AM,05:40 PM
99,2022/6/27,07:21 AM,05:53 PM
99,2022/7/1,08:54 AM,05:49 PM
99,2022/7/5,08:40 AM,06:53 PM
99,2022/8/15,08:55 AM,06:45 PM
99,2022/8/21,07:22 AM,06:20 PM
99,2022/8/31,08:29 AM,04:08 PM
99,2022/10/10,08:53 AM,05:41 PM
99,2022/10/14,07:42 AM,05:17 PM
99,2022/10/19,07:28 AM,06:22 PM
99,2022/10/20,07:29 AM,06:17 PM
99,2022/11/7,07:17 AM,05:09 PM
99,2022/11/11,08:59 AM,06:21 PM
99,2022/11/15,08:08 AM,06:10 PM
99,2022/12/29,07:09 AM,04:50 PM
99,2023/1/2,07:56 AM,05:18 PM
99,2023/2/18,07:50 AM,06:48 PM
99,2023/2/21,08:35 AM,06:01 PM
99,2023/3/13,07:14 AM,06:33 PM
99,2023/3/19,07:03 AM,04:36 PM
99,2023/3/23,07:11 AM,06:49 PM
99,2023/4/6,08:32 AM,06:16 PM
99,2023/4/17,08:47 AM,04:55 PM
99,2023/4/19,07:57 AM,04:41 PM
99,2023/4/20,07:11 AM,04:34 PM
99,2023/4/28,08:41 AM,05:18 PM
99,2023/5/4,07:49 AM,05:00 PM
99,2023/5/23,07:45 AM,05:21 PM
100,2022/9/7,08:54 AM,04:52 PM
100,2022/6/10,08:12 AM,06:45 PM
100,2022/6/20,08:21 AM,06:53 PM
100,2022/7/7,07:37 AM,06:05 PM
100,2022/7/9,08:52 AM,04:05 PM
100,2022/7/16,07:47 AM,04:02 PM
100,2022/7/18,08:36 AM,05:43 PM
100,2022/8/3,07:45 AM,05:03 PM
100,2022/9/1,07:45 AM,04:49 PM
100,2022/9/16,07:05 AM,06:08 PM
100,2022/9/25,08:26 AM,04:09 PM
100,2022/9/30,07:24 AM,05:46 PM
100,2022/10/1,07:48 AM,04:43 PM
100,2022/10/3,08:15 AM,04:54 PM
100,2022/10/7,07:17 AM,04:10 PM
100,2022/10/9,07:11 AM,06:28 PM
100,2022/10/11,08:27 AM,06:28 PM
100,2022/10/17,07:45 AM,04:47 PM
100,2022/12/5,08:12 AM,04:39 PM
100,2022/12/18,08:56 AM,04:30 PM
100,2023/1/5,08:41 AM,05:18 PM
100,2023/3/6,08:57 AM,05:52 PM
100,2023/3/16,07:27 AM,04:39 PM
100,2023/4/13,07:02 AM,04:02 PM
100,2023/4/18,07:04 AM,05:27 PM
100,2023/4/24,08:35 AM,06:55 PM
100,2023/4/27,08:11 AM,06:13 PM
,,,
,,,
,,,
,,,
,,,
,,,
,,,
,,,
,,,
,,,
,,,
,,,
,,,
,,,
,,,
,,,
,,,
,,,
,,,
,,,
,,,
,,,
,,,
,,,
,,,
,,,
,,,
,,,
,,,
,,,
,,,
,,,
,,,
,,,
,,,
,,,
,,,
,,,
,,,
,,,
,,,
,,,
,,,
,,,
,,,
,,,
,,,
,,,
,,,
,,,
,,,
,,,
,,,
,,,
,,,
,,,
,,,
,,,
,,,
,,,
,,,
,,,
,,,
,,,
,,,
,,,
,,,
,,,
,,,
,,,
,,,
,,,
,,,
,,,
,,,
,,,
,,,
